{
  "experiment": "136b_imEP_q7",
  "sprint": 136,
  "q": 7,
  "g_c": 0.14285714285714285,
  "BC": "periodic",
  "K": 20,
  "sizes": {
    "4": {
      "n": 4,
      "dim": 2401,
      "g_star": 0.1388075727121294,
      "gap_min": 0.6158727520173217,
      "gap_curv": 539.1286909833316,
      "im_gEP": 0.03379864369415636,
      "gapmin_times_L": 2.463491008069287,
      "coarse_g": [
        0.11142857142857142,
        0.11635714285714285,
        0.12128571428571427,
        0.1262142857142857,
        0.13114285714285714,
        0.13607142857142857,
        0.141,
        0.14592857142857144,
        0.15085714285714286
      ],
      "coarse_gap": [
        0.7899787754379162,
        0.738061466089186,
        0.693176950106781,
        0.6570718557141424,
        0.6314854753533616,
        0.617887613823831,
        0.617168477041921,
        0.6294135858765593,
        0.6538908907282179
      ],
      "fine_g": [
        0.13607142857142857,
        0.1377142857142857,
        0.13935714285714285,
        0.14100000000000001,
        0.14264285714285715,
        0.1442857142857143,
        0.14592857142857144
      ],
      "fine_gap": [
        0.6178876138238505,
        0.616194955933854,
        0.6159541678207079,
        0.6171684770419019,
        0.6198302496186026,
        0.6239213053529094,
        0.6294135858765713
      ],
      "time_s": 0.9865961074829102
    },
    "5": {
      "n": 5,
      "dim": 16807,
      "g_star": 0.1410091240648202,
      "gap_min": 0.46212142639311793,
      "gap_curv": 879.5599684538419,
      "im_gEP": 0.022921620879074227,
      "gapmin_times_L": 2.3106071319655896,
      "coarse_g": [
        0.11142857142857142,
        0.11635714285714285,
        0.12128571428571427,
        0.1262142857142857,
        0.13114285714285714,
        0.13607142857142857,
        0.141,
        0.14592857142857144,
        0.15085714285714286
      ],
      "coarse_gap": [
        0.7473841135919352,
        0.6749057344302836,
        0.6079628262282792,
        0.5494432967520222,
        0.5029990657090444,
        0.4727216760695514,
        0.46212146300414947,
        0.47266078807569123,
        0.5029993258674246
      ],
      "fine_g": [
        0.13607142857142857,
        0.1377142857142857,
        0.13935714285714285,
        0.14100000000000001,
        0.14264285714285715,
        0.1442857142857143,
        0.14592857142857144
      ],
      "fine_gap": [
        0.4727216760695967,
        0.466874334621032,
        0.4633216044014814,
        0.46212146300416723,
        0.46329523601151124,
        0.4668261597762591,
        0.4726607880756655
      ],
      "time_s": 7.590790748596191
    },
    "6": {
      "n": 6,
      "dim": 117649,
      "g_star": 0.14189530944989664,
      "gap_min": 0.3646933801964547,
      "gap_curv": 1331.1235372185788,
      "im_gEP": 0.016552163161728178,
      "gapmin_times_L": 2.188160281178728,
      "coarse_g": [
        0.13714285714285712,
        0.13814285714285712,
        0.13914285714285712,
        0.14014285714285712,
        0.14114285714285713,
        0.14214285714285713,
        0.14314285714285713,
        0.14414285714285713,
        0.14514285714285713
      ],
      "coarse_gap": [
        0.37940569678540736,
        0.37393846003934694,
        0.3696984842695059,
        0.3667312652950452,
        0.36507004497255924,
        0.36473416572864803,
        0.3657280853320959,
        0.3680411715918597,
        0.3716483031969471
      ],
      "fine_g": [
        0.14114285714285713,
        0.14147619047619045,
        0.1418095238095238,
        0.14214285714285713,
        0.14247619047619045,
        0.1428095238095238,
        0.14314285714285713
      ],
      "fine_gap": [
        0.3650700449725628,
        0.36481029325201675,
        0.36469827818270506,
        0.36473416572864537,
        0.3649179337768391,
        0.3652493724125421,
        0.365728085332111
      ],
      "time_s": 8.190215587615967
    },
    "7": {
      "n": 7,
      "dim": 823543,
      "g_star": 0.14230809102666986,
      "gap_min": 0.2982110375174081,
      "gap_curv": 1903.880310753666,
      "im_gEP": 0.012515322223419988,
      "gapmin_times_L": 2.0874772626218565,
      "coarse_g": [
        0.13575184315307295,
        0.13692571990179597,
        0.138099596650519,
        0.139273473399242,
        0.14044735014796506,
        0.14162122689668807,
        0.1427951036454111,
        0.1439689803941341,
        0.14514285714285713
      ],
      "coarse_gap": [
        0.33651951500230126,
        0.32455625488187856,
        0.3145953386930067,
        0.30684558272040086,
        0.3014882849383733,
        0.2986598691404563,
        0.298436819912248,
        0.30082652555034706,
        0.305766516521099
      ],
      "fine_g": [
        0.14162122689668807,
        0.14201251914626242,
        0.14240381139583674,
        0.1427951036454111,
        0.14318639589498544,
        0.14357768814455976,
        0.1439689803941341
      ],
      "fine_gap": [
        0.29865986914049003,
        0.29829420161435927,
        0.2982197595634908,
        0.29843681991223825,
        0.29894477095538896,
        0.2997421219858367,
        0.3008265255503355
      ],
      "time_s": 59.92951035499573
    }
  },
  "timestamp": "2026-06-03 01:50:15",
  "gpu_status": "GPU enabled (CuPy 13.6.0, device NVIDIA TITAN RTX)",
  "pairwise_slopes": [
    [
      4,
      5,
      -1.74031498412802
    ],
    [
      5,
      6,
      -1.78565725378367
    ],
    [
      6,
      7,
      -1.8135705058315137
    ]
  ],
  "loglog_slope_full": -1.7749011806404993
}