{
  "experiment": "136b_imEP_q6",
  "sprint": 136,
  "q": 6,
  "g_c": 0.16666666666666666,
  "BC": "periodic",
  "K": 18,
  "sizes": {
    "4": {
      "n": 4,
      "dim": 1296,
      "g_star": 0.16023606132055754,
      "gap_min": 0.6943713732101191,
      "gap_curv": 329.78884949967613,
      "im_gEP": 0.04588575903715313,
      "gapmin_times_L": 2.7774854928404764,
      "coarse_g": [
        0.12999999999999998,
        0.13574999999999998,
        0.1415,
        0.14725,
        0.15299999999999997,
        0.15874999999999997,
        0.16449999999999998,
        0.17024999999999998,
        0.176
      ],
      "coarse_gap": [
        0.8296998114595278,
        0.7861512283134018,
        0.7496694225763787,
        0.7215434176691602,
        0.7029395300498136,
        0.6947355224710257,
        0.6973658296910896,
        0.710738832821459,
        0.7342649259687373
      ],
      "fine_g": [
        0.15299999999999997,
        0.15491666666666665,
        0.1568333333333333,
        0.15874999999999997,
        0.16066666666666665,
        0.1625833333333333,
        0.16449999999999998
      ],
      "fine_gap": [
        0.7029395300498136,
        0.6990175227966997,
        0.6962773675953002,
        0.6947355224710257,
        0.6944019480933274,
        0.6952798896974728,
        0.6973658296910896
      ],
      "time_s": 3.340219020843506
    },
    "5": {
      "n": 5,
      "dim": 7776,
      "g_star": 0.16356460852841595,
      "gap_min": 0.529702864936727,
      "gap_curv": 515.8810784399062,
      "im_gEP": 0.03204360439738772,
      "gapmin_times_L": 2.648514324683635,
      "coarse_g": [
        0.12999999999999998,
        0.13574999999999998,
        0.1415,
        0.14725,
        0.15299999999999997,
        0.15874999999999997,
        0.16449999999999998,
        0.17024999999999998,
        0.176
      ],
      "coarse_gap": [
        0.7621122156288314,
        0.6988732678078025,
        0.6420447768929671,
        0.594065364661664,
        0.5576972159838993,
        0.5356518103431291,
        0.5299285518699985,
        0.541134586126268,
        0.5682604783641745
      ],
      "fine_g": [
        0.15874999999999997,
        0.16066666666666665,
        0.1625833333333333,
        0.16449999999999998,
        0.16641666666666666,
        0.1683333333333333,
        0.17024999999999998
      ],
      "fine_gap": [
        0.5356518103431362,
        0.5318668439900227,
        0.5299512361420646,
        0.5299285518700048,
        0.5318010140597123,
        0.5355494892135475,
        0.5411345861262689
      ],
      "time_s": 2.471278429031372
    },
    "6": {
      "n": 6,
      "dim": 46656,
      "g_star": 0.16497091643336423,
      "gap_min": 0.4238710452187284,
      "gap_curv": 753.4255547469795,
      "im_gEP": 0.023719017859919995,
      "gapmin_times_L": 2.5432262713123706,
      "coarse_g": [
        0.15834529864702063,
        0.15980153805045869,
        0.16125777745389674,
        0.1627140168573348,
        0.16417025626077286,
        0.1656264956642109,
        0.16708273506764895,
        0.168538974471087,
        0.16999521387452507
      ],
      "coarse_gap": [
        0.4400636049000459,
        0.4338067584758809,
        0.4290290669509398,
        0.4257847874414793,
        0.4241124612474456,
        0.4240329503912532,
        0.4255483609037851,
        0.4286419895449578,
        0.4332793023056878
      ],
      "fine_g": [
        0.16417025626077286,
        0.16465566939525222,
        0.16514108252973156,
        0.1656264956642109,
        0.16611190879869026,
        0.16659732193316962,
        0.16708273506764895
      ],
      "fine_gap": [
        0.4241124612474163,
        0.42390848319637353,
        0.42388195350239766,
        0.42403295039122657,
        0.42436131669811683,
        0.42486666111647686,
        0.42554836090377357
      ],
      "time_s": 21.433151245117188
    },
    "7": {
      "n": 7,
      "dim": 279936,
      "g_star": 0.16565473739399936,
      "gap_min": 0.35089296315048024,
      "gap_curv": 1042.8874751899164,
      "im_gEP": 0.018342925559959516,
      "gapmin_times_L": 2.4562507420533617,
      "coarse_g": [
        0.1577883183687357,
        0.1592314452393104,
        0.16067457210988512,
        0.1621176989804598,
        0.1635608258510345,
        0.16500395272160923,
        0.1664470795921839,
        0.16789020646275862,
        0.16933333333333334
      ],
      "coarse_gap": [
        0.3816997164335989,
        0.3717389891400682,
        0.36357882014565224,
        0.3573529089696148,
        0.35317162609521535,
        0.3511138053619396,
        0.35122030602460796,
        0.3534905356694047,
        0.357882633329595
      ],
      "fine_g": [
        0.1635608258510345,
        0.16404186814122607,
        0.16452291043141765,
        0.16500395272160923,
        0.16548499501180078,
        0.16596603730199233,
        0.1664470795921839
      ],
      "fine_gap": [
        0.35317162609523045,
        0.3522468984471967,
        0.3515604488465627,
        0.3511138053619405,
        0.35090798723582495,
        0.35094349502868916,
        0.35122030602458754
      ],
      "time_s": 16.39295268058777
    },
    "8": {
      "n": 8,
      "dim": 1679616,
      "g_star": 0.16602237532002775,
      "gap_min": 0.29786089957539374,
      "gap_curv": 1388.8934155776956,
      "im_gEP": 0.014644423809956038,
      "gapmin_times_L": 2.38288719660315,
      "coarse_g": [
        0.15894940474365485,
        0.16024739581736466,
        0.16154538689107448,
        0.1628433779647843,
        0.16414136903849408,
        0.1654393601122039,
        0.1667373511859137,
        0.16803534225962352,
        0.16933333333333334
      ],
      "coarse_gap": [
        0.3306705859747492,
        0.3201333361766494,
        0.31145081919997786,
        0.3047941802756782,
        0.30030793020000957,
        0.29809694668681175,
        0.2982158350947479,
        0.3006630391299847,
        0.30538116693681516
      ],
      "fine_g": [
        0.16414136903849408,
        0.16457403272973067,
        0.1650066964209673,
        0.1654393601122039,
        0.1658720238034405,
        0.1663046874946771,
        0.1667373511859137
      ],
      "fine_gap": [
        0.30030793020004865,
        0.2993143162820324,
        0.2985766392368028,
        0.2980969466867922,
        0.29787659794500954,
        0.29791624709188547,
        0.2982158350947284
      ],
      "time_s": 115.10147714614868
    }
  },
  "timestamp": "2026-06-03 01:48:48",
  "gpu_status": "GPU enabled (CuPy 13.6.0, device NVIDIA TITAN RTX)",
  "pairwise_slopes": [
    [
      4,
      5,
      -1.6090861398966108
    ],
    [
      5,
      6,
      -1.6499444731387825
    ],
    [
      6,
      7,
      -1.6674152582012571
    ],
    [
      7,
      8,
      -1.6863775024930792
    ]
  ],
  "loglog_slope_full": -1.6481376387018505
}