{
  "experiment": "135b_onpeak_open_dmrg_q3",
  "sprint": 135,
  "q": 3,
  "g_c": 0.3333333333333333,
  "dg_dmrg": 0.001,
  "svd_min": 1e-08,
  "convention": "canonical central per-site chi_F at peak g*(L), OPEN BC, DMRG, q=3 control",
  "peaks": {
    "8": {
      "n": 8,
      "g_star": 0.26349147021789576,
      "shift": -0.06984186311543755,
      "chi_peak": 13.458553878395453,
      "chi_max": 48,
      "chi_used": 39,
      "n_solves": 17,
      "time_s": 19.2,
      "scan": {
        "grid": [
          0.22333333333333333,
          0.24,
          0.25666666666666665,
          0.2733333333333333,
          0.29,
          0.30666666666666664,
          0.3233333333333333
        ],
        "chi_fwd": [
          4.661408337269801,
          5.848451841913849,
          6.649220336538142,
          6.5394951113822986,
          5.545882902510679,
          4.214966589213831,
          3.024622431332946
        ]
      },
      "validation": {
        "exact_chi_dg3": 13.458553878256675,
        "exact_chi_dg4": 13.460085150629464,
        "dmrg_over_exact_dg3": 1.0000000000103115
      }
    },
    "12": {
      "n": 12,
      "g_star": 0.28969662012577585,
      "shift": -0.043636713207557465,
      "chi_peak": 19.598632629190075,
      "chi_max": 48,
      "chi_used": 48,
      "n_solves": 17,
      "time_s": 40.5,
      "scan": {
        "grid": [
          0.24333333333333335,
          0.25816666666666666,
          0.273,
          0.28783333333333333,
          0.30266666666666664,
          0.3175,
          0.3323333333333333
        ],
        "chi_fwd": [
          4.369780940973363,
          6.198047986257412,
          8.450662057679637,
          9.78582634894587,
          8.865291099280359,
          6.5221112349282215,
          4.343047781898053
        ]
      },
      "validation": {
        "exact_chi_dg3": 19.598632591349972,
        "exact_chi_dg4": 19.60334877112076,
        "dmrg_over_exact_dg3": 1.0000000019307522
      }
    },
    "16": {
      "n": 16,
      "g_star": 0.30250295255129184,
      "shift": -0.030830380782041478,
      "chi_peak": 26.637062805201506,
      "chi_max": 48,
      "chi_used": 48,
      "n_solves": 17,
      "time_s": 58.2,
      "scan": {
        "grid": [
          0.2733333333333333,
          0.2831666666666667,
          0.293,
          0.3028333333333333,
          0.31266666666666665,
          0.3225,
          0.3323333333333333
        ],
        "chi_fwd": [
          7.107232980071987,
          9.687835095341379,
          12.285586791664638,
          13.311696832253585,
          11.868551820531925,
          9.064423402864453,
          6.414430433178409
        ]
      },
      "validation": {}
    },
    "20": {
      "n": 20,
      "g_star": 0.30947722898021146,
      "shift": -0.023856104353121854,
      "chi_peak": 34.363284352906255,
      "chi_max": 64,
      "chi_used": 64,
      "n_solves": 17,
      "time_s": 100.0,
      "scan": {
        "grid": [
          0.27955839672332594,
          0.2883542194916605,
          0.2971500422599951,
          0.30594586502832966,
          0.31474168779666417,
          0.32353751056499874,
          0.3323333333333333
        ],
        "chi_fwd": [
          6.911211280047348,
          9.869821035157766,
          13.823570617749194,
          16.899087778704526,
          16.33337445012817,
          12.639821013288312,
          8.693408730059415
        ]
      },
      "validation": {}
    },
    "24": {
      "n": 24,
      "g_star": 0.31429209991347923,
      "shift": -0.019041233419854087,
      "chi_peak": 42.678855857731605,
      "chi_max": 64,
      "chi_used": 64,
      "n_solves": 17,
      "time_s": 131.2,
      "scan": {
        "grid": [
          0.2961045150380672,
          0.3021045150380672,
          0.3081045150380672,
          0.3141045150380672,
          0.3201045150380672,
          0.3261045150380672,
          0.3321045150380672
        ],
        "chi_fwd": [
          11.887946357901543,
          15.9013614619193,
          19.777642530457996,
          21.346908977158222,
          19.412807486962613,
          15.363679637253602,
          11.299843593368108
        ]
      },
      "validation": {}
    }
  },
  "timestamp": "2026-06-03 00:49:33"
}