{
  "experiment": "134e_onpeak_periodic_validation",
  "sprint": 134,
  "dg": 0.0001,
  "convention": "canonical central at peak g*(L), PERIODIC BC",
  "cases": {
    "2": {
      "null": 1.0,
      "sizes": [
        6,
        8,
        10,
        12,
        14,
        16
      ],
      "kappa_onpeak": [
        [
          6,
          8,
          0.9480689665404975
        ],
        [
          8,
          10,
          0.991481490975748
        ],
        [
          10,
          12,
          1.009697158956115
        ],
        [
          12,
          14,
          1.0180868811005777
        ],
        [
          14,
          16,
          1.022038327384459
        ]
      ],
      "kappa_fixed_gc": [
        [
          6,
          8,
          1.1695972703810131
        ],
        [
          8,
          10,
          1.1262449637098035
        ],
        [
          10,
          12,
          1.1006410123743837
        ],
        [
          12,
          14,
          1.083705539094078
        ],
        [
          14,
          16,
          1.0716632011899052
        ]
      ],
      "onpeak_ascends": true,
      "fixed_descends": true,
      "onpeak_last": 1.022038327384459,
      "fixed_last": 1.0716632011899052,
      "g_star": {
        "6": 0.4274382473885734,
        "8": 0.45782443732981076,
        "10": 0.4724758751438676,
        "12": 0.4806313402223089,
        "14": 0.48563189891279385,
        "16": 0.4889186034181121
      }
    },
    "3": {
      "null": 1.4,
      "sizes": [
        4,
        5,
        6,
        7,
        8,
        9,
        10,
        11,
        12
      ],
      "kappa_onpeak": [
        [
          4,
          5,
          1.3112670844307972
        ],
        [
          5,
          6,
          1.363818900932731
        ],
        [
          6,
          7,
          1.388387225704066
        ],
        [
          7,
          8,
          1.4008404620732868
        ],
        [
          8,
          9,
          1.4074265729766462
        ],
        [
          9,
          10,
          1.410946820890759
        ],
        [
          10,
          11,
          1.4127769663976006
        ],
        [
          11,
          12,
          1.413640649724791
        ]
      ],
      "kappa_fixed_gc": [
        [
          4,
          5,
          1.5923077507201873
        ],
        [
          5,
          6,
          1.5383220958960355
        ],
        [
          6,
          7,
          1.506024465922221
        ],
        [
          7,
          8,
          1.4848060142338158
        ],
        [
          8,
          9,
          1.469947253066229
        ],
        [
          9,
          10,
          1.4590456620407044
        ],
        [
          10,
          11,
          1.450757706017351
        ],
        [
          11,
          12,
          1.444276758357912
        ]
      ],
      "onpeak_ascends": true,
      "fixed_descends": true,
      "onpeak_last": 1.413640649724791,
      "fixed_last": 1.444276758357912,
      "g_star": {
        "4": 0.28358693742574276,
        "5": 0.30338482799679745,
        "6": 0.3136612158347128,
        "7": 0.31958360117191276,
        "8": 0.32326896758924845,
        "9": 0.3256995923071423,
        "10": 0.3273751565501212,
        "11": 0.32857447592499966,
        "12": 0.3294588894098233
      }
    }
  },
  "timestamp": "2026-06-02 23:47:10"
}