{
  "experiment": "136b_imEP_q3",
  "sprint": 136,
  "q": 3,
  "g_c": 0.3333333333333333,
  "BC": "periodic",
  "K": 12,
  "sizes": {
    "5": {
      "n": 5,
      "dim": 243,
      "g_star": 0.30510669790704875,
      "gap_min": 0.9074789704295769,
      "gap_curv": 50.180138775299135,
      "im_gEP": 0.13447834503792078,
      "gapmin_times_L": 4.537394852147885,
      "coarse_g": [
        0.2846539473803245,
        0.2896539473803245,
        0.2946539473803245,
        0.2996539473803245,
        0.30465394738032453,
        0.30965394738032453,
        0.31465394738032454,
        0.31965394738032454,
        0.32465394738032455
      ],
      "coarse_gap": [
        0.917885240855143,
        0.9134388583113715,
        0.9102129981441793,
        0.9082243344715524,
        0.9074841134682625,
        0.9079979745078228,
        0.9097658827570134,
        0.9127821769815778,
        0.9170357307361696
      ],
      "fine_g": [
        0.2996539473803245,
        0.3013206140469912,
        0.3029872807136579,
        0.30465394738032453,
        0.3063206140469912,
        0.3079872807136579,
        0.30965394738032453
      ],
      "fine_gap": [
        0.9082243344715524,
        0.9078384832954551,
        0.9075916732458875,
        0.9074841134682625,
        0.9075159429650137,
        0.9076872304741954,
        0.9079979745078228
      ],
      "time_s": 0.4063401222229004
    },
    "6": {
      "n": 6,
      "dim": 729,
      "g_star": 0.31500711119430114,
      "gap_min": 0.7577348242752668,
      "gap_curv": 63.641139366925735,
      "im_gEP": 0.10911630485317542,
      "gapmin_times_L": 4.546408945651601,
      "coarse_g": [
        0.30722793860695485,
        0.31056127194028815,
        0.3138946052736215,
        0.31722793860695486,
        0.32056127194028816,
        0.32389460527362146,
        0.3272279386069548,
        0.33056127194028817,
        0.33389460527362147
      ],
      "coarse_gap": [
        0.75965618092581,
        0.7583632065246988,
        0.757774207621404,
        0.7578917826376408,
        0.7587163896081552,
        0.7602463507596475,
        0.7624778866155966,
        0.7654051785740315,
        0.7690204580009468
      ],
      "fine_g": [
        0.31056127194028815,
        0.31167238305139927,
        0.3127834941625104,
        0.3138946052736215,
        0.3150057163847326,
        0.31611682749584374,
        0.31722793860695486
      ],
      "fine_gap": [
        0.7583632065246988,
        0.7580884818486062,
        0.7578921167670369,
        0.757774207621404,
        0.7577348243371747,
        0.7577740103608042,
        0.7578917826376408
      ],
      "time_s": 3.4739866256713867
    },
    "7": {
      "n": 7,
      "dim": 2187,
      "g_star": 0.3206323627138745,
      "gap_min": 0.649107997440761,
      "gap_curv": 78.03780735905485,
      "im_gEP": 0.09120233359218258,
      "gapmin_times_L": 4.543755982085327,
      "coarse_g": [
        0.30950760659499416,
        0.3128409399283275,
        0.3161742732616608,
        0.3195076065949941,
        0.32284093992832746,
        0.3261742732616608,
        0.3295076065949941,
        0.3328409399283274,
        0.33617427326166077
      ],
      "coarse_gap": [
        0.6539120360533239,
        0.651470134832274,
        0.6498826553684358,
        0.6491573593321132,
        0.6492983375457948,
        0.6503059470300476,
        0.6521768220576831,
        0.6549039588287915,
        0.6584768699642609
      ],
      "fine_g": [
        0.3161742732616608,
        0.31728538437277193,
        0.31839649548388305,
        0.3195076065949941,
        0.3206187177061052,
        0.32172982881721635,
        0.32284093992832746
      ],
      "fine_gap": [
        0.6498826553684358,
        0.6495448133999533,
        0.6493029974635496,
        0.6491573593321132,
        0.6491080047055462,
        0.6491549930510283,
        0.6492983375457948
      ],
      "time_s": 28.553393840789795
    },
    "8": {
      "n": 8,
      "dim": 6561,
      "g_star": 0.3240954799889842,
      "gap_min": 0.5671082687204647,
      "gap_curv": 93.26602694102921,
      "im_gEP": 0.07797784907065426,
      "gapmin_times_L": 4.536866149763718,
      "coarse_g": [
        0.3114929513444425,
        0.31482628467777585,
        0.31815961801110915,
        0.32149295134444245,
        0.3248262846777758,
        0.32815961801110916,
        0.33149295134444245,
        0.33482628467777575,
        0.3381596180111091
      ],
      "coarse_gap": [
        0.574454819212523,
        0.5710966264162529,
        0.5687481250438324,
        0.5674240160340354,
        0.567133174270154,
        0.5678784382303466,
        0.5696565614495945,
        0.5724583291275955,
        0.5762688327499426
      ],
      "fine_g": [
        0.32149295134444245,
        0.32260406245555356,
        0.3237151735666647,
        0.3248262846777758,
        0.3259373957888869,
        0.32704850689999804,
        0.32815961801110916
      ],
      "fine_gap": [
        0.5674240160340869,
        0.5672119957568675,
        0.5671150133919323,
        0.5671331742701344,
        0.567266508266373,
        0.567514969827764,
        0.5678784382303235
      ],
      "time_s": 1.9151625633239746
    },
    "9": {
      "n": 9,
      "dim": 19683,
      "g_star": 0.32636025765784954,
      "gap_min": 0.503180457983567,
      "gap_curv": 109.27489515262667,
      "im_gEP": 0.06785809818735265,
      "gapmin_times_L": 4.528624121852103,
      "coarse_g": [
        0.3131839728552998,
        0.31636930958172066,
        0.3195546463081415,
        0.32273998303456236,
        0.32592531976098327,
        0.3291106564874041,
        0.33229599321382497,
        0.3354813299402458,
        0.33866666666666667
      ],
      "coarse_gap": [
        0.5125612631285748,
        0.5085985832920166,
        0.5057031293901506,
        0.5038959391680802,
        0.5031907938027356,
        0.5035938094397672,
        0.5051032717655133,
        0.5077097265180495,
        0.5113963193806477
      ],
      "fine_g": [
        0.32273998303456236,
        0.3238017619433693,
        0.3248635408521763,
        0.32592531976098327,
        0.3269870986697902,
        0.32804887757859713,
        0.3291106564874041
      ],
      "fine_gap": [
        0.5038959391681086,
        0.503537978866218,
        0.5033028546734997,
        0.5031907938027516,
        0.5032019266569563,
        0.5033362864924644,
        0.5035938094397672
      ],
      "time_s": 5.208822011947632
    },
    "10": {
      "n": 10,
      "dim": 59049,
      "g_star": 0.3279127245135204,
      "gap_min": 0.45202155672206246,
      "gap_curv": 126.01351210118868,
      "im_gEP": 0.0598923033204796,
      "gapmin_times_L": 4.520215567220625,
      "coarse_g": [
        0.31458067112756616,
        0.3175914205699537,
        0.32060217001234126,
        0.32361291945472886,
        0.3266236688971164,
        0.32963441833950397,
        0.33264516778189157,
        0.3356559172242791,
        0.33866666666666667
      ],
      "coarse_gap": [
        0.4630619253511785,
        0.4586750371390327,
        0.4553736693198278,
        0.4531845722051866,
        0.45212625280442786,
        0.452208338959295,
        0.4534312581890205,
        0.4557862593490025,
        0.4592557756259872
      ],
      "fine_g": [
        0.32361291945472886,
        0.3246165026021914,
        0.3256200857496539,
        0.3266236688971164,
        0.32762725204457893,
        0.32863083519204145,
        0.32963441833950397
      ],
      "fine_gap": [
        0.4531845722051635,
        0.4527054944451301,
        0.45235260200288785,
        0.4521262528044332,
        0.4520266914280704,
        0.45205404823168216,
        0.452208338959311
      ],
      "time_s": 4.0181169509887695
    },
    "11": {
      "n": 11,
      "dim": 177147,
      "g_star": 0.3290178515229487,