{
  "experiment": "134a_onpeak_open_q4",
  "sprint": 134,
  "q": 4,
  "g_c": 0.25,
  "dg": 0.0001,
  "convention": "canonical central, evaluated AT peak g*(L), OPEN BC",
  "peaks": {
    "4": {
      "n": 4,
      "dim": 256,
      "g_star": 0.15264380916274975,
      "shift": -0.09735619083725025,
      "chi_peak": 24.18438158902081,
      "chi_gc": 4.523411051282622,
      "offpeak_ratio_gc_over_peak": 0.18703852462103698,
      "curvature": -6859.624900753043,
      "n_solves": 54,
      "scan": {
        "coarse_grid": [
          0.07999999999999999,
          0.101875,
          0.12375,
          0.145625,
          0.16749999999999998,
          0.18937500000000002,
          0.21125,
          0.233125,
          0.255
        ],
        "coarse_chi": [
          9.371522616263839,
          13.705839727040647,
          19.48164745357861,
          23.846534413785037,
          22.711820488185985,
          16.91310247964317,
          10.842967002044901,
          6.606630822969528,
          4.055223526422402
        ],
        "fine_grid": [
          0.12375,
          0.13104166666666667,
          0.13833333333333334,
          0.145625,
          0.15291666666666665,
          0.1602083333333333,
          0.16749999999999998
        ],
        "fine_chi": [
          19.481647459129725,
          21.324990698290414,
          22.843822572449213,
          23.846534458193958,
          24.183954130951868,
          23.791943204454213,
          22.711820393817028
        ]
      }
    },
    "5": {
      "n": 5,
      "dim": 1024,
      "g_star": 0.17359241937768086,
      "shift": -0.07640758062231914,
      "chi_peak": 28.002414382832796,
      "chi_gc": 6.400954504215406,
      "offpeak_ratio_gc_over_peak": 0.22858580752021102,
      "curvature": -10951.798508086693,
      "n_solves": 54,
      "scan": {
        "coarse_grid": [
          0.10264380916274975,
          0.11514380916274974,
          0.12764380916274976,
          0.14014380916274977,
          0.15264380916274975,
          0.16514380916274976,
          0.17764380916274974,
          0.19014380916274976,
          0.20264380916274977
        ],
        "coarse_chi": [
          9.407168706232483,
          11.831995558875263,
          15.165765459013159,
          19.384970202374063,
          23.8835289811945,
          27.23990631281481,
          27.822624373285976,
          25.18495617387373,
          20.54153082520216
        ],
        "fine_grid": [
          0.16514380916274976,
          0.16931047582941644,
          0.1734771424960831,
          0.17764380916274974,
          0.18181047582941642,
          0.1859771424960831,
          0.19014380916274976
        ],
        "fine_chi": [
          27.239906454923357,
          27.801582793696156,
          28.002238927626877,
          27.82262428002724,
          27.269088238579542,
          26.372728636481213,
          25.18495615611016
        ]
      }
    },
    "6": {
      "n": 6,
      "dim": 4096,
      "g_star": 0.18789165584859657,
      "shift": -0.06210834415140343,
      "chi_peak": 32.55585298012064,
      "chi_gc": 8.460582366180228,
      "offpeak_ratio_gc_over_peak": 0.2598789953790016,
      "curvature": -17230.300382087036,
      "n_solves": 54,
      "scan": {
        "coarse_grid": [
          0.172541029592612,
          0.178041029592612,
          0.18354102959261198,
          0.189041029592612,
          0.194541029592612,
          0.200041029592612,
          0.205541029592612,
          0.21104102959261198,
          0.21654102959261198
        ],
        "coarse_chi": [
          28.94001579674861,
          30.9656415971767,
          32.23231319811799,
          32.53301314824301,
          31.798526447153932,
          30.121508792779746,
          27.726172926086548,
          24.900270399289916,
          21.923005374032318
        ],
        "fine_grid": [
          0.18354102959261198,
          0.1853743629259453,
          0.18720769625927866,
          0.189041029592612,
          0.1908743629259453,
          0.19270769625927867,
          0.194541029592612
        ],
        "fine_chi": [
          32.23231311300089,
          32.446591049136345,
          32.54771504349977,
          32.53301312973929,
          32.401894075236484,
          32.15587572695059,
          31.798526399044267
        ]
      }
    },
    "7": {
      "n": 7,
      "dim": 16384,
      "g_star": 0.19813208372975263,
      "shift": -0.051867916270247366,
      "chi_peak": 37.70329612803483,
      "chi_gc": 10.696473140558993,
      "offpeak_ratio_gc_over_peak": 0.2837012738683469,
      "curvature": -26404.99648925347,
      "n_solves": 54,
      "scan": {
        "coarse_grid": [
          0.1846238081488559,
          0.1901238081488559,
          0.19562380814885588,
          0.2011238081488559,
          0.2066238081488559,
          0.2121238081488559,
          0.2176238081488559,
          0.22312380814885588,
          0.22862380814885588
        ],
        "coarse_chi": [
          33.413542772325094,
          36.07940904291697,
          37.53703531656731,
          37.466032587474274,
          35.84629026466755,
          32.96822048375653,
          29.311886400635547,
          25.376885010824118,
          21.556379021474875
        ],
        "fine_grid": [
          0.1901238081488559,
          0.19195714148218923,
          0.19379047481552256,
          0.19562380814885588,
          0.19745714148218924,
          0.19929047481552256,
          0.2011238081488559
        ],
        "fine_chi": [
          36.079409052433164,
          36.72043437573182,
          37.21047071263734,
          37.53703519920088,
          37.691132101106255,
          37.66772874883425,
          37.46603262553906
        ]
      }
    },
    "8": {
      "n": 8,
      "dim": 65536,
      "g_star": 0.20576274924229834,
      "shift": -0.04423725075770166,
      "chi_peak": 43.3718589501475,
      "chi_gc": 13.10328940490324,
      "offpeak_ratio_gc_over_peak": 0.30211500549156606,
      "curvature": -39503.624544893864,
      "n_solves": 54,
      "scan": {
        "coarse_grid": [
          0.1890783840040818,
          0.1945783840040818,
          0.2000783840040818,
          0.2055783840040818,
          0.2110783840040818,
          0.2165783840040818,
          0.2220783840040818,
          0.22757838400408179,
          0.2330783840040818
        ],
        "coarse_chi": [
          34.52829372280197,
          38.923553788428045,
          42.13114134371531,
          43.37047165708929,
          42.26893430964162,
          39.06579525286835,
          34.4827427764538,
          29.374176847840605,
          24.422571777427127
        ],
        "fine_grid": [
          0.2000783840040818,
          0.20191171733741511,
          0.20374505067074847,
          0.2055783840040818,
          0.20741171733741512,
          0.20924505067074847,
          0.2110783840040818
        ],
        "fine_chi": [
          42.131141285428605,
          42.79295470893673,
          43.210990909037235,
          43.370471662640405,
          43.26440027346834,
          42.894059738840525,
          42.26893431519274
        ]
      }
    },
    "9": {
      "n": 9,
      "dim": 262144,
      "g_star": 0.21163236831291057,
      "shift": -0.038367631687089426,
      "chi_peak": 49.5185059389157,
      "chi_gc": 15.67627704066352,
      "offpeak_ratio_gc_over_peak": 0.31657411190881296,
      "curvature": -57318.75011367379,
      "n_solves": 54,
      "scan": {
        "coarse_grid": [
          0.19313325633391748,
          0.19863325633391749,
          0.2041332563339175,
          0.20963325633391747,
          0.21513325633391747,
          0.22063325633391748,
          0.22613325633391745,
          0.23163325633391746,
          0.23713325633391746
        ],