{
  "experiment": "134c_onpeak_periodic_q4",
  "sprint": 134,
  "q": 4,
  "g_c": 0.25,
  "dg": 0.0001,
  "convention": "canonical central at peak g*(L), PERIODIC BC",
  "peaks": {
    "4": {
      "n": 4,
      "dim": 256,
      "g_star": 0.2280739258713392,
      "shift": -0.021926074128660794,
      "chi_peak": 14.040087498168319,
      "chi_gc": 12.839320509550056,
      "offpeak_ratio": 0.9144758187030589
    },
    "5": {
      "n": 5,
      "dim": 1024,
      "g_star": 0.2378270546462762,
      "shift": -0.01217294535372379,
      "chi_peak": 20.440137955546334,
      "chi_gc": 19.459334474891676,
      "offpeak_ratio": 0.9520158091502254
    },
    "6": {
      "n": 6,
      "dim": 4096,
      "g_star": 0.2425233025818321,
      "shift": -0.007476697418167894,
      "chi_peak": 27.96688006919308,
      "chi_gc": 27.138029538390875,
      "offpeak_ratio": 0.9703631392292762
    },
    "7": {
      "n": 7,
      "dim": 16384,
      "g_star": 0.24506512176976789,
      "shift": -0.004934878230232115,
      "chi_peak": 36.55480189022699,
      "chi_gc": 35.83757250323418,
      "offpeak_ratio": 0.9803793386940892
    },
    "8": {
      "n": 8,
      "dim": 65536,
      "g_star": 0.24656417096038868,
      "shift": -0.0034358290396113156,
      "chi_peak": 46.159520343536094,
      "chi_gc": 45.52779115651884,
      "offpeak_ratio": 0.9863142168221053
    },
    "9": {
      "n": 9,
      "dim": 262144,
      "g_star": 0.24750487222765225,
      "shift": -0.002495127772347755,
      "chi_peak": 56.74789283421294,
      "chi_gc": 56.183728419028576,
      "offpeak_ratio": 0.9900584076869153
    },
    "10": {
      "n": 10,
      "dim": 1048576,
      "g_star": 0.2481284569271802,
      "shift": -0.001871543072819809,
      "chi_peak": 68.29365624350103,
      "chi_gc": 67.78420064246227,
      "offpeak_ratio": 0.9925402207311569
    },
    "11": {
      "n": 11,
      "dim": 4194304,
      "g_star": 0.24855843267757136,
      "shift": -0.001441567322428644,
      "chi_peak": 80.77514948831325,
      "chi_gc": 80.31087533585693,
      "offpeak_ratio": 0.9942522650171822
    }
  },
  "timestamp": "2026-06-02 23:50:22",
  "gpu_status": "GPU enabled (CuPy 13.6.0, device NVIDIA TITAN RTX)",
  "summary_pairwise": {
    "onpeak": [
      [
        4,
        5,
        1.683149173489771
      ],
      [
        5,
        6,
        1.7196015999770367
      ],
      [
        6,
        7,
        1.737206745719489
      ],
      [
        7,
        8,
        1.7470848626485183
      ],
      [
        8,
        9,
        1.7533534678571465
      ],
      [
        9,
        10,
        1.7577586379548082
      ],
      [
        10,
        11,
        1.7611180802989408
      ]
    ],
    "fixed_gc": [
      [
        4,
        5,
        1.8634394632230908
      ],
      [
        5,
        6,
        1.8242997564087016
      ],
      [
        6,
        7,
        1.8038247152423326
      ],
      [
        7,
        8,
        1.7922832610698214
      ],
      [
        8,
        9,
        1.7855224205142695
      ],
      [
        9,
        10,
        1.7815208351960818
      ],
      [
        10,
        11,
        1.779200364884894
      ]
    ]
  }
}