{
  "experiment": "139a_interface_tension",
  "sprint": 139,
  "exact_anchor": "2 sigma_od = 1/xi_d (Borgs-Janke duality+wetting; H_dual: s=1/2)",
  "V1_s_free": {
    "ss": 40.158412922999105,
    "npar": 6,
    "aic": 19.267073694503456,
    "s": 0.2614480271990364,
    "s_err": 0.005506484486480486,
    "a": 0.9574196302917646
  },
  "V2_s_half": {
    "ss": 2938.972618604641,
    "npar": 5,
    "aic": 154.64254230422748,
    "s": 0.5,
    "s_err": null,
    "a": 0.6188585871436156
  },
  "V3_s_zero": {
    "ss": 3522.128922815663,
    "npar": 5,
    "aic": 160.43471969881875,
    "s": 0.0,
    "s_err": null,
    "a": 1.32847547445759
  },
  "V4_perq_a": {
    "ss": 31.19327882837325,
    "npar": 9,
    "aic": 17.182935892527937,
    "s": 0.2841717655349751,
    "s_err": 0.011954007635541265,
    "a": {
      "6": 0.9572241556434968,
      "7": 0.9688839611133667,
      "8": 0.9341191666768269,
      "10": 0.9035531800591684
    }
  },
  "per_q": {
    "6": {
      "s": 1.9885409721263383,
      "s_err": 2.0028608034953153,
      "a": 0.8004066520017019
    },
    "7": {
      "s": 0.4070786573804601,
      "s_err": 0.08232422422493392,
      "a": 0.9168558765155426
    },
    "8": {
      "s": 0.39919136175256337,
      "s_err": 0.05408075323764764,
      "a": 0.8490596814166524
    },
    "10": {
      "s": 0.281280020833273,
      "s_err": 0.012627930601751472,
      "a": 0.909930628053582
    }
  },
  "q10_tail": {
    "n_min": 16,
    "free": {
      "s": 0.21284179796159722,
      "s_err": 0.03547122084764874,
      "a": 1.1059337438052452,
      "ss": 4.093374318556519,
      "aic": 3.7056610646962755
    },
    "s_half": {
      "s": 0.5,
      "s_err": null,
      "a": 0.3020025685809321,
      "ss": 93.51661852597267,
      "aic": 20.478278137112277
    },
    "s_quarter": {
      "s": 0.25,
      "s_err": null,
      "a": 1.001905241314519,
      "ss": 5.590704601419168,
      "aic": 3.576075140567385
    },
    "s_joint": {
      "s": 0.2841717655349751,
      "s_err": null,
      "a": 0.9062376037774107,
      "ss": 9.610998776682209,
      "aic": 6.8268920759799565
    }
  },
  "q10_local": [
    [
      8.0,
      10.0,
      0.12989807413011728,
      0.5499609671243295
    ],
    [
      10.0,
      12.0,
      0.14645545831911316,
      0.540877154919906
    ],
    [
      12.0,
      14.0,
      0.194105394817992,
      0.5345883618553051
    ],
    [
      14.0,
      16.0,
      0.2565946806278806,
      0.5299765802745977
    ],
    [
      16.0,
      20.0,
      0.17850323790087863,
      0.5249804835621648
    ],
    [
      20.0,
      24.0,
      0.27092327955078976,
      0.520438577459953
    ],
    [
      24.0,
      28.0,
      0.2728830980849249,
      0.5172941809276526
    ],
    [
      28.0,
      32.0,
      0.2334396524891878,
      0.5149882901372989
    ],
    [
      32.0,
      36.0,
      0.2601188674181116,
      0.513224961885852
    ]
  ],
  "timestamp": "2026-06-10 23:34:21"
}