{
  "experiment": "141a_q8_universality",
  "sprint": 141,
  "xi8": 23.9,
  "prediction": "P1 plateau 0.25+/-0.04 by L/xi~2; P2 tail s ~ 1/4",
  "q8_sigloc": [
    [
      8.0,
      10.0,
      0.3742373184100067,
      -0.0030212059204072494
    ],
    [
      10.0,
      12.0,
      0.4583452364059968,
      0.04947976515359984
    ],
    [
      12.0,
      16.0,
      0.5797659606925112,
      0.10048182452216714
    ],
    [
      16.0,
      20.0,
      0.7484746368200134,
      0.2397832696751785
    ],
    [
      20.0,
      24.0,
      0.9166904728119936,
      0.26589663210568176
    ],
    [
      24.0,
      28.0,
      1.0846427947126127,
      0.1950256396156434
    ],
    [
      28.0,
      36.0,
      1.3284107001161125,
      0.2701745177378886
    ],
    [
      36.0,
      40.0,
      1.5877544737247093,
      0.11449707838495199
    ],
    [
      40.0,
      44.0,
      1.7553286161843542,
      0.3610500325379106
    ],
    [
      44.0,
      48.0,
      1.9228661578369972,
      0.2774692990737107
    ]
  ],
  "q10_sigloc_ref": [
    [
      8.0,
      10.0,
      0.8469954460226476,
      0.12989807413011728
    ],
    [
      10.0,
      12.0,
      1.037353328608269,
      0.14645545831911316
    ],
    [
      12.0,
      14.0,
      1.2274130110620947,
      0.194105394817992
    ],
    [
      14.0,
      16.0,
      1.4172944646870989,
      0.2565946806278806
    ],
    [
      16.0,
      20.0,
      1.6939908920452953,
      0.17850323790087863
    ],
    [
      20.0,
      24.0,
      2.074706657216538,
      0.27092327955078976
    ],
    [
      24.0,
      28.0,
      2.4548260221241893,
      0.2728830980849249
    ],
    [
      28.0,
      32.0,
      2.8345889293741977,
      0.2334396524891878
    ],
    [
      32.0,
      36.0,
      3.2141217326661247,
      0.2601188674181116
    ]
  ],
  "q8_tail_free": {
    "s": 0.7111284862136343,
    "s_err": 0.5169745280918271,
    "a": 0.20473358467926842,
    "n_pts": 4,
    "aic": -6.549922092278186
  },
  "q8_tail_s_0.25": {
    "s": 0.25,
    "s_err": null,
    "a": 0.9875949698090897,
    "n_pts": 4,
    "aic": -6.208588835587932
  },
  "q8_tail_s_0.4": {
    "s": 0.4,
    "s_err": null,
    "a": 0.7329389500150414,
    "n_pts": 4,
    "aic": -7.3135959053322654
  },
  "q8_tail_s_0.5": {
    "s": 0.5,
    "s_err": null,
    "a": 0.563168048988389,
    "n_pts": 4,
    "aic": -7.93296363556523
  },
  "joint_tail_free": {
    "s": 0.21314001170628366,
    "s_err": 0.02856860742242315,
    "aic": 1.8538242558842715,
    "n_pts": 10
  },
  "joint_tail_quarter": {
    "s": 0.25,
    "s_err": null,
    "aic": 2.727674073909281,
    "n_pts": 10
  },
  "timestamp": "2026-06-12 02:00:34"
}