{
  "experiment": "135a_onpeak_open_dmrg_q4",
  "sprint": 135,
  "q": 4,
  "g_c": 0.25,
  "dg_dmrg": 0.001,
  "svd_min": 1e-09,
  "convention": "canonical central per-site chi_F at peak g*(L), OPEN BC, DMRG real-dtype",
  "peaks": {
    "8": {
      "n": 8,
      "g_star": 0.2057630645984958,
      "shift": -0.044236935401504196,
      "chi_peak": 43.35590139818713,
      "chi_max": 48,
      "chi_used": 48,
      "n_solves": 13,
      "time_s": 22.4,
      "scan": {
        "grid": [
          0.19212226293534929,
          0.1991222629353493,
          0.2061222629353493,
          0.2131222629353493,
          0.2201222629353493
        ],
        "chi_fwd": [
          18.723677438381436,
          20.96279369966092,
          21.668345394271206,
          20.503683989883672,
          17.888829449294597
        ]
      },
      "validation": {
        "exact_chi_dg3": 43.35590126347544,
        "exact_chi_dg4": 43.37185906949647,
        "dmrg_over_exact_dg3": 1.0000000031071132,
        "dg_sys_e3_over_e4": 0.9996320700481051
      }
    },
    "10": {
      "n": 10,
      "g_star": 0.21626241003403499,
      "shift": -0.033737589965965015,
      "chi_peak": 56.08226695228425,
      "chi_max": 48,
      "chi_used": 48,
      "n_solves": 13,
      "time_s": 32.1,
      "scan": {
        "grid": [
          0.20223604467457112,
          0.20923604467457113,
          0.21623604467457114,
          0.22323604467457114,
          0.23023604467457115
        ],
        "chi_fwd": [
          22.104540317269276,
          26.41613528445719,
          28.042393884442077,
          25.907107248557274,
          21.19945301183313
        ]
      },
      "validation": {
        "exact_chi_dg3": 56.08226421551788,
        "exact_chi_dg4": 56.11519593773373,
        "dmrg_over_exact_dg3": 1.0000000487991418,
        "dg_sys_e3_over_e4": 0.9994131407426182
      }
    },
    "12": {
      "n": 12,
      "g_star": 0.22305557843425652,
      "shift": -0.026944421565743476,
      "chi_peak": 70.52283221016069,
      "chi_max": 48,
      "chi_used": 48,
      "n_solves": 13,
      "time_s": 43.3,
      "scan": {
        "grid": [
          0.20874291688960817,
          0.21574291688960817,
          0.22274291688960818,
          0.22974291688960818,
          0.2367429168896082
        ],
        "chi_fwd": [
          24.75494293383007,
          32.029031303929905,
          35.27832979549616,
          31.661521039338947,
          24.015145974702147
        ]
      },
      "validation": {}
    },
    "14": {
      "n": 14,
      "g_star": 0.22775765877991547,
      "shift": -0.022242341220084533,
      "chi_peak": 86.56432104508266,
      "chi_max": 48,
      "chi_used": 48,
      "n_solves": 13,
      "time_s": 54.4,
      "scan": {
        "grid": [
          0.21325578074072452,
          0.22025578074072452,
          0.22725578074072453,
          0.23425578074072453,
          0.24125578074072454
        ],
        "chi_fwd": [
          26.54043551369207,
          37.52926703226578,
          43.31551639941938,
          37.535473303833875,
          26.1320731454224
        ]
      },
      "validation": {}
    },
    "16": {
      "n": 16,
      "g_star": 0.2311767925624297,
      "shift": -0.018823207437570294,
      "chi_peak": 104.12978228282327,
      "chi_max": 48,
      "chi_used": 48,
      "n_solves": 13,
      "time_s": 68.1,
      "scan": {
        "grid": [
          0.21655636822943228,
          0.22355636822943228,
          0.2305563682294323,
          0.2375563682294323,
          0.2445563682294323
        ],
        "chi_fwd": [
          27.505279459487387,
          42.68424961783452,
          52.113733187114654,
          43.3115458488148,
          27.490602620305893
        ]
      },
      "validation": {}
    },
    "18": {
      "n": 18,
      "g_star": 0.23375799193163543,
      "shift": -0.016242008068364566,
      "chi_peak": 123.15948899476058,
      "chi_max": 48,
      "chi_used": 48,
      "n_solves": 13,
      "time_s": 82.8,
      "scan": {
        "grid": [
          0.21906775532675887,
          0.22606775532675888,
          0.23306775532675889,
          0.2400677553267589,
          0.2470677553267589
        ],
        "chi_fwd": [
          27.80603337082521,
          47.311380003109726,
          61.64299266319611,
          48.78900738951462,
          28.145342300031935
        ]
      },
      "validation": {}
    },
    "20": {
      "n": 20,
      "g_star": 0.23576069205354938,
      "shift": -0.014239307946450619,
      "chi_peak": 143.60095181531474,
      "chi_max": 48,
      "chi_used": 48,
      "n_solves": 13,
      "time_s": 120.7,
      "scan": {
        "grid": [
          0.22103810910990598,
          0.2280285818324295,
          0.23501905455495298,
          0.2420095272774765,
          0.249
        ],
        "chi_fwd": [
          27.63970424370932,
          51.24717261954515,
          71.8725670337539,
          53.91457264463107,
          28.32533059001219
        ]
      },
      "validation": {}
    },
    "24": {
      "n": 24,
      "g_star": 0.23872807457271575,
      "shift": -0.011271925427284252,
      "chi_peak": 188.57676183387886,
      "chi_max": 48,
      "chi_used": 48,
      "n_solves": 13,
      "time_s": 189.1,
      "scan": {
        "grid": [
          0.22792151276267197,
          0.23292151276267198,
          0.23792151276267198,
          0.242921512762672,
          0.247921512762672
        ],
        "chi_fwd": [
          40.59322215100673,
          70.45518935100877,
          94.39615288465522,
          75.68535038918652,
          43.576841647944654
        ]
      },
      "validation": {}
    }
  },
  "timestamp": "2026-06-03 00:47:00"
}