{
  "experiment": "136_analysis",
  "sprint": 136,
  "per_q": {
    "2": {
      "n": [
        6.0,
        7.0,
        8.0,
        9.0,
        10.0,
        11.0
      ],
      "im_gEP": [
        0.2501042732757896,
        0.2170374644973801,
        0.19145223657097002,
        0.171152242121297,
        0.1545808720078888,
        0.14105786322922134
      ],
      "dminL": [
        6.000000784495567,
        6.074373348599741,
        6.122936642000397,
        6.156365938571403,
        6.180339986586625,
        6.1981246099833225
      ],
      "gstar": [
        0.4330128336304632,
        0.45048374892409554,
        0.4619406094259898,
        0.4698457122441856,
        0.4755277794337823,
        0.4797466145611562
      ],
      "power_p": 0.9459356686691011,
      "power_R2": 0.9999098204089205,
      "local_slopes": [
        [
          6,
          7,
          -0.9199306683123191
        ],
        [
          7,
          8,
          -0.9393418543729706
        ],
        [
          8,
          9,
          -0.9516217194020761
        ],
        [
          9,
          10,
          -0.9665486333059353
        ],
        [
          10,
          11,
          -0.9605187954238826
        ]
      ],
      "sat_fit": {
        "gamma": 7.79626499054287e-20,
        "gamma_err": 0.012921865308957703,
        "A": 1.357256186265852,
        "p": 0.9429592894560228,
        "p_err": 0.06392243125434476
      },
      "nu_exact": 1.0,
      "inv_nu_exact": 1.0
    },
    "3": {
      "n": [
        5.0,
        6.0,
        7.0,
        8.0,
        9.0,
        10.0,
        11.0,
        12.0
      ],
      "im_gEP": [
        0.13447834503792078,
        0.10911630485317542,
        0.09120233359218258,
        0.07797784907065426,
        0.06785809818735265,
        0.0598923033204796,
        0.053477217392182703,
        0.04822264920304238
      ],
      "dminL": [
        4.537394852147885,
        4.546408945651601,
        4.543755982085327,
        4.536866149763718,
        4.528624121852103,
        4.520215567220625,
        4.512130816882134,
        4.504558318709009
      ],
      "gstar": [
        0.30510669790704875,
        0.31500711119430114,
        0.3206323627138745,
        0.3240954799889842,
        0.32636025765784954,
        0.3279127245135204,
        0.3290178515229487,
        0.3298291884036783
      ],
      "power_p": 1.1728989993317425,
      "power_R2": 0.999956580150615,
      "local_slopes": [
        [
          5,
          6,
          -1.1462651808495052
        ],
        [
          6,
          7,
          -1.1633672078980342
        ],
        [
          7,
          8,
          -1.173174945780869
        ],
        [
          8,
          9,
          -1.1801875022056334
        ],
        [
          9,
          10,
          -1.1851757551778102
        ],
        [
          10,
          11,
          -1.1886692993795642
        ],
        [
          11,
          12,
          -1.1886596038426305
        ]
      ],
      "sat_fit": {
        "gamma": 4.151458299040852e-17,
        "gamma_err": 0.0017948216546843376,
        "A": 0.8834090000550029,
        "p": 1.1683106128097416,
        "p_err": 0.02511058127459481
      },
      "nu_exact": 0.8333333333333334,
      "inv_nu_exact": 1.2
    },
    "4": {
      "n": [
        5.0,
        6.0,
        7.0,
        8.0,
        9.0,
        10.0
      ],
      "im_gEP": [
        0.0751284929175874,
        0.058890965910482845,
        0.04782682474765228,
        0.03988716786790468,
        0.033960494001352745,
        0.029398788507054865
      ],
      "dminL": [
        3.681058999250806,
        3.634202558464777,
        3.5917226754360385,
        3.5545603148460287,
        3.5222165207129947,
        3.493947296284219
      ],
      "gstar": [
        0.23846624328776359,
        0.24297193590939556,
        0.24538585776845093,
        0.2467991421034539,
        0.24768356144241804,
        0.24826641995428997
      ],
      "power_p": 1.354146885439657,
      "power_R2": 0.9999769424258069,
      "local_slopes": [
        [
          5,
          6,
          -1.335619287339686
        ],
        [
          6,
          7,
          -1.3499845068411942
        ],
        [
          7,
          8,
          -1.3594706148402658
        ],
        [
          8,
          9,
          -1.3657039492103302
        ],
        [
          9,
          10,
          -1.369055957531529
        ]
      ],
      "sat_fit": {
        "gamma": 1.1260039105064206e-06,
        "gamma_err": 0.0010204826069974617,
        "A": 0.6611978912162095,
        "p": 1.3506357717157151,
        "p_err": 0.028302607940495213
      },
      "nu_exact": 0.6666666666666666,
      "inv_nu_exact": 1.5
    },
    "5": {
      "n": [
        4.0,
        5.0,
        6.0,
        7.0,
        8.0,
        9.0
      ],
      "im_gEP": [
        0.06556540809675832,
        0.0472225338721374,
        0.03592879323110787,
        0.028443507810592066,
        0.023195790854051677,
        0.01935528947825654
      ],
      "dminL": [
        3.1819265646865915,
        3.086891699337704,
        3.0053937487632645,
        2.9369510295604684,
        2.87899591096766,
        2.829235737178614
      ],
      "gstar": [
        0.1889819168657437,
        0.19435441744080828,
        0.19674872158670864,
        0.19796798178525568,
        0.19865081169519855,
        0.1990615165482977
      ],
      "power_p": 1.505392183158971,
      "power_R2": 0.9999308163543528,
      "local_slopes": [
        [
          4,
          5,
          -1.4706992343161716
        ],
        [
          5,
          6,
          -1.499176411842062
        ],
        [
          6,
          7,
          -1.515524135802337
        ],
        [
          7,
          8,
          -1.5273494910173122
        ],
        [
          8,
          9,
          -1.5367670932319577
        ]
      ],
      "sat_fit": {
        "gamma": 2.855045388175886e-26,
        "gamma_err": 0.0010514735321290889,
        "A": 0.5230802514829618,
        "p": 1.4966319143718638,
        "p_err": 0.04156912593251292
      },
      "nu_exact": null,
      "inv_nu_exact": null
    },
    "6": {
      "n": [
        4.0,
        5.0,
        6.0,
        7.0,
        8.0
      ],
      "im_gEP": [
        0.04588575903715313,
        0.03204360439738772,
        0.023719017859919995,
        0.018342925559959516,
        0.014644423809956038
      ],
      "dminL": [
        2.7774854928404764,
        2.648514324683635,
        2.5432262713123706,
        2.4562507420533617,
        2.38288719660315
      ],
      "gstar": [
        0.16023606132055754,
        0.16356460852841595,
        0.16497091643336423,
        0.16565473739399936,
        0.16602237532002775
      ],
      "power_p": 1.6481376387018505,
      "power_R2": 0.9999122456592686,
      "local_slopes": [
        [
          4,
          5,
          -1.6090861398966108
        ],
        [
          5,
          6,
          -1.6499444731387825
        ],
        [
          6,
          7,
          -1.6674152582012571
        ],
        [
          7,
          8,
          -1.6863775024930792
        ]
      ],
      "sat_fit": {
        "gamma": 4.93504058486965e-13,
        "gamma_err": 0.0011075356315450977,
        "A": 0.4452948409768056,
        "p": 1.6380524534319527,
        "p_err": 0.06607678050402042
      },
      "nu_exact": null,
      "inv_nu_exact": null
    },
    "7": {
      "n": [
        4.0,
        5.0,
        6.0,
        7.0
      ],
      "im_gEP": [
        0.03379864369415636,
        0.022921620879074227,
        0.016552163161728178,
        0.012515322223419988
      ],
      "dminL": [
        2.463491008069287,
        2.3106071319655896,
        2.188160281178728,
        2.0874772626218565
      ],