{
  "experiment": "136b_imEP_q2",
  "sprint": 136,
  "q": 2,
  "g_c": 0.5,
  "BC": "periodic",
  "K": 10,
  "sizes": {
    "6": {
      "n": 6,
      "dim": 64,
      "g_star": 0.4330128336304632,
      "gap_min": 1.0000001307492612,
      "gap_curv": 15.986663456701178,
      "im_gEP": 0.2501042732757896,
      "gapmin_times_L": 6.000000784495567,
      "coarse_g": [
        0.4,
        0.42812500000000003,
        0.45625000000000004,
        0.484375,
        0.5125,
        0.540625,
        0.56875,
        0.596875,
        0.625
      ],
      "coarse_gap": [
        1.0086810277682394,
        1.0001910987789264,
        1.004310486041839,
        1.0208865611176448,
        1.0493291614015154,
        1.0887086420455168,
        1.137890076220728,
        1.1956645197791103,
        1.2608512847103013
      ],
      "fine_g": [
        0.4,
        0.40937500000000004,
        0.41875,
        0.42812500000000003,
        0.43750000000000006,
        0.446875,
        0.45625000000000004
      ],
      "fine_gap": [
        1.0086810277682394,
        1.0044599818867503,
        1.0016260752617505,
        1.0001910987789264,
        1.0001610737820874,
        1.0015361266281246,
        1.004310486041839
      ],
      "time_s": 0.009028434753417969
    },
    "7": {
      "n": 7,
      "dim": 128,
      "g_star": 0.45048374892409554,
      "gap_min": 0.8677676212285343,
      "gap_curv": 18.421883307521124,
      "im_gEP": 0.2170374644973801,
      "gapmin_times_L": 6.074373348599741,
      "coarse_g": [
        0.4,
        0.42812500000000003,
        0.45625000000000004,
        0.484375,
        0.5125,
        0.540625,
        0.56875,
        0.596875,
        0.625
      ],
      "coarse_gap": [
        0.8909541208303118,
        0.8723643188877181,
        0.868073881828237,
        0.8782923908108557,
        0.9025271647990234,
        0.9396943878964432,
        0.988336128090026,
        1.0468541261951856,
        1.1136926510378906
      ],
      "fine_g": [
        0.42812500000000003,
        0.4375,
        0.446875,
        0.45625000000000004,
        0.465625,
        0.475,
        0.484375
      ],
      "fine_gap": [
        0.8723643188877181,
        0.8693203809200956,
        0.867887575955379,
        0.868073881828237,
        0.8698782582217932,
        0.8732906755150962,
        0.8782923908108557
      ],
      "time_s": 0.06697201728820801
    },
    "8": {
      "n": 8,
      "dim": 256,
      "g_star": 0.4619406094259898,
      "gap_min": 0.7653670802500496,
      "gap_curv": 20.880884452022,
      "im_gEP": 0.19145223657097002,
      "gapmin_times_L": 6.122936642000397,
      "coarse_g": [
        0.4,
        0.42812500000000003,
        0.45625000000000004,
        0.484375,
        0.5125,
        0.540625,
        0.56875,
        0.596875,
        0.625
      ],
      "coarse_gap": [
        0.8044693853266045,
        0.7772267701885234,
        0.7657051734627434,
        0.7706100654919688,
        0.7916361748981959,
        0.8275556137066342,
        0.8765393625772315,
        0.9365397559725999,
        1.0055867316582496
      ],
      "fine_g": [
        0.42812500000000003,
        0.4375,
        0.446875,
        0.45625000000000004,
        0.465625,
        0.475,
        0.484375
      ],
      "fine_gap": [
        0.7772267701885234,
        0.7715849094046572,
        0.7677353662195721,
        0.7657051734627434,
        0.7655088064750863,
        0.7671476734724703,
        0.7706100654919688
      ],
      "time_s": 0.29809021949768066
    },
    "9": {
      "n": 9,
      "dim": 512,
      "g_star": 0.4698457122441856,
      "gap_min": 0.6840406598412669,
      "gap_curv": 23.35160477214284,
      "im_gEP": 0.171152242121297,
      "gapmin_times_L": 6.156365938571403,
      "coarse_g": [
        0.4,
        0.42812500000000003,
        0.45625000000000004,
        0.484375,
        0.5125,
        0.540625,
        0.56875,
        0.596875,
        0.625
      ],
      "coarse_gap": [
        0.7388959513830002,
        0.7041035418292747,
        0.686198854751936,
        0.6865045075665606,
        0.7049968152804365,
        0.7403141766857484,
        0.7902038666371087,
        0.8521101580749821,
        0.923619939228745
      ],
      "fine_g": [
        0.42812500000000003,
        0.4375,
        0.446875,
        0.45625000000000004,
        0.465625,
        0.475,
        0.484375
      ],
      "fine_gap": [
        0.7041035418292747,
        0.6961692714409615,
        0.6901840416734899,
        0.686198854751936,
        0.6842486573936313,
        0.6843508471735031,
        0.6865045075665606
      ],
      "time_s": 1.6409032344818115
    },
    "10": {
      "n": 10,
      "dim": 1024,
      "g_star": 0.4755277794337823,
      "gap_min": 0.6180339986586625,
      "gap_curv": 25.86430785850463,
      "im_gEP": 0.1545808720078888,
      "gapmin_times_L": 6.180339986586625,
      "coarse_g": [
        0.4,
        0.42812500000000003,
        0.45625000000000004,
        0.484375,
        0.5125,
        0.540625,
        0.56875,
        0.596875,
        0.625
      ],
      "coarse_gap": [
        0.6879231757333244,
        0.6464666374827104,
        0.6228261643872859,
        0.6190462411747308,
        0.6354813658792402,
        0.6706469891432505,
        0.721810710445677,
        0.7858540064040511,
        0.8599039696666502
      ],
      "fine_g": [
        0.45625000000000004,
        0.465625,
        0.47500000000000003,
        0.484375,
        0.49374999999999997,
        0.5031249999999999,
        0.5125
      ],
      "fine_gap": [
        0.6228261643872859,
        0.6193021908576686,
        0.6180376009247617,
        0.6190462411747308,
        0.6223170584744455,
        0.6278146970436556,
        0.6354813658792402
      ],
      "time_s": 6.6814539432525635
    },
    "11": {
      "n": 11,
      "dim": 2048,
      "g_star": 0.4797466145611562,
      "gap_min": 0.5634658736348475,
      "gap_curv": 28.31868068566203,
      "im_gEP": 0.14105786322922134,
      "gapmin_times_L": 6.1981246099833225,
      "coarse_g": [
        0.4,
        0.42812500000000003,
        0.45625000000000004,
        0.484375,
        0.5125,
        0.540625,
        0.56875,
        0.596875,
        0.625
      ],
      "coarse_gap": [
        0.6474912886419641,
        0.6001078075985085,
        0.571249763776029,
        0.563769194340777,
        0.5784959951124371,
        0.6138338767407614,
        0.6665125205936295,
        0.732801713959212,
        0.809364110802445
      ],
      "fine_g": [
        0.45625000000000004,
        0.465625,
        0.47500000000000003,
        0.484375,
        0.49374999999999997,
        0.5031249999999999,
        0.5125
      ],
      "fine_gap": [
        0.571249763776029,
        0.5662893223185428,
        0.5637848885256034,
        0.563769194340777,
        0.5662424467005902,
        0.5711723141078302,
        0.5784959951124371
      ],
      "time_s": 26.804351568222046
    }
  },
  "timestamp": "2026-06-03 01:32:38",
  "gpu_status": "GPU enabled (CuPy 13.6.0, device NVIDIA TITAN RTX)"
}