{
  "experiment": "134b_onpeak_null_validation",
  "sprint": 134,
  "dg": 0.0001,
  "convention": "canonical central at peak g*(L), OPEN BC",
  "cases": {
    "2": {
      "null": 1.0,
      "peaks": {
        "6": {
          "n": 6,
          "g_star": 0.3098661946808663,
          "shift": -0.1901338053191337,
          "chi_peak": 2.262623458963257
        },
        "8": {
          "n": 8,
          "g_star": 0.3594629303015798,
          "shift": -0.14053706969842023,
          "chi_peak": 2.517029788762226
        },
        "10": {
          "n": 10,
          "g_star": 0.38955015841711765,
          "shift": -0.11044984158288235,
          "chi_peak": 2.8314592415146222
        },
        "12": {
          "n": 12,
          "g_star": 0.4094662452336222,
          "shift": -0.09053375476637782,
          "chi_peak": 3.1725196506885798
        },
        "14": {
          "n": 14,
          "g_star": 0.4235235467859868,
          "shift": -0.0764764532140132,
          "chi_peak": 3.5277314426794346
        },
        "16": {
          "n": 16,
          "g_star": 0.43392679259736083,
          "shift": -0.06607320740263917,
          "chi_peak": 3.8913706021381778
        }
      },
      "pairwise_kappa": [
        [
          6,
          8,
          0.3703900893127421
        ],
        [
          8,
          10,
          0.5275198857552402
        ],
        [
          10,
          12,
          0.623809410425806
        ],
        [
          12,
          14,
          0.6884750623148144
        ],
        [
          14,
          16,
          0.734706797919358
        ]
      ],
      "largest_n_kappa": 0.734706797919358,
      "monotone_inc": true
    },
    "3": {
      "null": 1.4,
      "peaks": {
        "4": {
          "n": 4,
          "g_star": 0.1848817132269224,
          "shift": -0.14845162010641091,
          "chi_peak": 8.995844377746032
        },
        "5": {
          "n": 5,
          "g_star": 0.21569888499944664,
          "shift": -0.11763444833388667,
          "chi_peak": 9.820645696656527
        },
        "6": {
          "n": 6,
          "g_star": 0.23695857500134285,
          "shift": -0.09637475833199047,
          "chi_peak": 10.892054772930019
        },
        "7": {
          "n": 7,
          "g_star": 0.25227582095331913,
          "shift": -0.08105751238001419,
          "chi_peak": 12.119482276481566
        },
        "8": {
          "n": 8,
          "g_star": 0.26374348301809947,
          "shift": -0.06958985031523385,
          "chi_peak": 13.460331214909527
        },
        "9": {
          "n": 9,
          "g_star": 0.2726014051582458,
          "shift": -0.06073192817508749,
          "chi_peak": 14.891270223089176
        },
        "10": {
          "n": 10,
          "g_star": 0.2796134255857656,
          "shift": -0.05371990774756774,
          "chi_peak": 16.39805752295942
        },
        "11": {
          "n": 11,
          "g_star": 0.28528757050044884,
          "shift": -0.048045762832884475,
          "chi_peak": 17.971252859587267
        },
        "12": {
          "n": 12,
          "g_star": 0.289960827930162,
          "shift": -0.043372505403171335,
          "chi_peak": 19.60418095821777
        }
      },
      "pairwise_kappa": [
        [
          4,
          5,
          0.3931287192228098
        ],
        [
          5,
          6,
          0.5679346530467978
        ],
        [
          6,
          7,
          0.6927031386264699
        ],
        [
          7,
          8,
          0.7858277063762352
        ],
        [
          8,
          9,
          0.857748472495124
        ],
        [
          9,
          10,
          0.9148373402409603
        ],
        [
          10,
          11,
          0.9611830968075737
        ],
        [
          11,
          12,
          0.9995180264601629
        ]
      ],
      "largest_n_kappa": 0.9995180264601629,
      "monotone_inc": true
    }
  },
  "timestamp": "2026-06-02 23:43:00"
}