{
  "experiment": "137d_chiconv_s135",
  "sprint": 137,
  "n": 24,
  "chi": 96,
  "svd_min": 1e-09,
  "dg": 0.001,
  "cases": {
    "3": {
      "g_star_s135": 0.31429209991347923,
      "chi_F_s135_chi48": 42.678855857731605,
      "chi_F_chi96": 42.67885451931611,
      "rel_diff": 3.136015404094947e-08,
      "chi_used": 96,
      "time_s": 51.4,
      "pass": true
    },
    "4": {
      "g_star_s135": 0.23872807457271575,
      "chi_F_s135_chi48": 188.57676183387886,
      "chi_F_chi96": 188.5674049847824,
      "rel_diff": 4.961825097360341e-05,
      "chi_used": 96,
      "time_s": 124.5,
      "pass": true
    }
  },
  "all_pass": 