{
  "experiment": "130d_synthesis",
  "sprint": 130,
  "full_range": {
    "2": {
      "a_h": 1.0134793739525092,
      "a_he": 0.0016212340824637574,
      "coll": 0.9701677245165005,
      "k2": 0.9800000000000004,
      "a2": 0.9700000000000005,
      "sig": -0.009999999999999676,
      "atgc": 1.0743564562149692
    },
    "3": {
      "a_h": 1.4033192407832238,
      "a_he": 0.002088014403099116,
      "coll": 1.1700780774583937,
      "k2": 1.1800000000000004,
      "a2": 1.3700000000000006,
      "sig": -0.009999999999999787,
      "atgc": 1.4668338171550193
    },
    "4": {
      "a_h": 1.746667167996164,
      "a_he": 0.003534974962047931,
      "coll": 1.446459814378262,
      "k2": 1.4700000000000006,
      "a2": 1.8000000000000005,
      "sig": 0.1400000000000008,
      "atgc": 1.8065967604963404
    }
  },
  "calibration": {
    "height_ratio_q23": [
      1.0134793739525092,
      1.0023708862737313
    ],
    "collapse_ratio_q23": [
      0.9701677245165005,
      0.9750650645486614
    ],
    "mean_collapse_ratio": 0.972616394532581,
    "q4_invnu_corrected": 1.4871842820142882,
    "q4_height_deficit_frac": 0.12666641600191797
  },
  "true_inv_nu": {
    "2": 1.0,
    "3": 1.2,
    "4": 1.5
  },
  "true_a": {
    "2": 1.0,
    "3": 1.4,
    "4": 2.0
  }
}