{
  "experiment": "133b_bc_reconcile",
  "sprint": 133,
  "q": 4,
  "sizes": [
    4.0,
    5.0,
    6.0,
    7.0,
    8.0,
    9.0,
    10.0,
    11.0,
    12.0
  ],
  "chi_periodic": [
    12.83932049289671,
    19.459334514859705,
    27.13802961240574,
    35.8375725381269,
    45.52779126754114,
    56.183728273465995,
    67.78420080455483,
    80.31087537824726,
    93.74764194565915
  ],
  "chi_open": [
    4.523411056833737,
    6.400954410956672,
    8.460582266260156,
    10.696473083461807,
    13.103289368820992,
    15.676276996254598,
    18.411220575886844,
    21.304370388033142,
    24.352371086333587
  ],
  "kappa_eff": {
    "midpoints": [
      4.47213595499958,
      5.477225575051661,
      6.48074069840786,
      7.483314773547883,
      8.48528137423857,
      9.486832980505138,
      10.488088481701515,
      11.489125293076057
    ],
    "periodic": [
      1.8634394782402577,
      1.8242997601023003,
      1.8038247038657131,
      1.792283272040473,
      1.785522377813783,
      1.7815208824826179,
      1.7792003453332172,
      1.777945266185098
    ],
    "open": [
      1.5558627443658266,
      1.5301037134339825,
      1.5212133477302163,
      1.519861530622045,
      1.5221653417502108,
      1.526299879897534,
      1.531336336200853,
      1.5367758840037717
    ],
    "open_min_kappa": 1.519861530622045,
    "open_min_at_n": 7.483314773547883,
    "open_postmin_increments": [
      0.0023038111281656892,
      0.00413453814732323,
      0.005036456303318948,
      0.005439547802918776
    ],
    "open_postmin_growing": true,
    "periodic_decrements": [
      -0.03913971813795736,
      -0.020475056236587186,
      -0.011541431825240034,
      -0.006760894226690128,
      -0.004001495331165117,
      -0.0023205371494006144,
      -0.0012550791481191759
    ],
    "periodic_decrement_ratio_mean": 0.5642061321593925
  },
  "ratio": [
    0.35230922534695597,
    0.3289400470539586,
    0.3117611111453916,
    0.2984709154639879,
    0.28780858908398066,
    0.2790180979082171,
    0.27161521943694117,
    0.26527379122309475,
    0.259765158684732
  ],
  "deficit": [
    8.315909436062974,
    13.058380103903033,
    18.677447346145584,
    25.141099454665092,
    32.42450189872015,
    40.507451277211395,
    49.372980228667984,
    59.00650499021412,
    69.39527085932556
  ],
  "fits": {
    "periodic_full": {
      "alpha": 1.7906248086096428,
      "err": 0.004202709540872562,
      "r2": 0.9999767489197279
    },
    "open_full": {
      "alpha": 1.52727407077953,
      "err": 0.0013942133800184894,
      "r2": 0.9999961731858925
    },
    "periodic_top5": 1.780617321578497,
    "open_top5": 1.5294755495477517
  },
  "open_climb": {
    "frontier_kappa": 1.5367758840037717,
    "increments_growing": true
  },
  "verdict": "BC gap real & convention-independent; open kappa_eff non-monotonic with accelerating post-min climb; periodic decelerating descent; asymptote unquotable but open turnaround neutralizes the S132 wrong-sign-vs-2.0 argument."
}