{
  "experiment": "136b_imEP_q4",
  "sprint": 136,
  "q": 4,
  "g_c": 0.25,
  "BC": "periodic",
  "K": 14,
  "sizes": {
    "9": {
      "n": 9,
      "dim": 262144,
      "g_star": 0.24768356144241804,
      "gap_min": 0.39135739119033275,
      "gap_curv": 339.3325668485329,
      "im_gEP": 0.033960494001352745,
      "gapmin_times_L": 3.5222165207129947,
      "coarse_g": [
        0.23767855366536694,
        0.23971873445719608,
        0.2417589152490252,
        0.24379909604085434,
        0.24583927683268347,
        0.2478794576245126,
        0.24991963841634174,
        0.2519598192081709,
        0.254
      ],
      "coarse_gap": [
        0.4079394106293446,
        0.40195497415095005,
        0.3972605299176877,
        0.3939073770646164,
        0.3919339363116645,
        0.3913639021872619,
        0.39220507271254945,
        0.39444899695566527,
        0.39807148485127897
      ],
      "fine_g": [
        0.24583927683268347,
        0.24651933709662652,
        0.24719939736056956,
        0.2478794576245126,
        0.24855951788845565,
        0.2492395781523987,
        0.24991963841634174
      ],
      "fine_gap": [
        0.3919339363116947,
        0.39158727162757145,
        0.3913971634880884,
        0.3913639021872619,
        0.3914875760779122,
        0.3917680712977898,
        0.3922050727125317
      ],
      "time_s": 12.438647985458374
    },
    "5": {
      "n": 5,
      "dim": 1024,
      "g_star": 0.23846624328776359,
      "gap_min": 0.7362117998501612,
      "gap_curv": 130.43478301194864,
      "im_gEP": 0.0751284929175874,
      "gapmin_times_L": 3.681058999250806,
      "coarse_g": [
        0.22846553102245803,
        0.23096553102245804,
        0.23346553102245804,
        0.23596553102245804,
        0.23846553102245804,
        0.24096553102245805,
        0.24346553102245805,
        0.24596553102245805,
        0.24846553102245805
      ],
      "coarse_gap": [
        0.7426930525245439,
        0.7398668054904274,
        0.7378395112811234,
        0.7366193852057386,
        0.7362117998832467,
        0.7366192138318146,
        0.7378411472005073,
        0.7398742057107164,
        0.7427121519992559
      ],
      "fine_g": [
        0.23596553102245804,
        0.23679886435579137,
        0.23763219768912472,
        0.23846553102245804,
        0.23929886435579137,
        0.24013219768912472,
        0.24096553102245805
      ],
      "fine_gap": [
        0.7366193852057386,
        0.7363930593183499,
        0.7362571671585991,
        0.7362117998832467,
        0.7362570123183154,
        0.7363928229249339,
        0.7366192138318146
      ],
      "time_s": 2.345061779022217
    },
    "7": {
      "n": 7,
      "dim": 16384,
      "g_star": 0.24538585776845093,
      "gap_min": 0.5131032393480055,
      "gap_curv": 224.31672669966753,
      "im_gEP": 0.04782682474765228,
      "gapmin_times_L": 3.5917226754360385,
      "coarse_g": [
        0.23538585615329058,
        0.23771262413412925,
        0.24003939211496794,
        0.2423661600958066,
        0.24469292807664528,
        0.24701969605748397,
        0.24934646403832264,
        0.2516732320191613,
        0.254
      ],
      "coarse_gap": [
        0.5241737397276953,
        0.5196545652206286,
        0.5162961547002691,
        0.5141244748645448,
        0.5131570923609372,
        0.5134026151532094,
        0.514860434231954,
        0.517520787209997,
        0.5213651391583962
      ],
      "fine_g": [
        0.2423661600958066,
        0.24314174942275285,
        0.24391733874969906,
        0.24469292807664528,
        0.24546851740359152,
        0.24624410673053776,
        0.24701969605748397
      ],
      "fine_gap": [
        0.5141244748645315,
        0.5136675899662944,
        0.5133450225017961,
        0.513157092360891,
        0.5131040056829539,
        0.5131858542205308,
        0.5134026151532094
      ],
      "time_s": 4.679039239883423
    },
    "6": {
      "n": 6,
      "dim": 4096,
      "g_star": 0.24297193590939556,
      "gap_min": 0.6057004264107961,
      "gap_curv": 174.6467564618751,
      "im_gEP": 0.058890965910482845,
      "gapmin_times_L": 3.634202558464777,
      "coarse_g": [
        0.23250441413970835,
        0.23500441413970835,
        0.23750441413970835,
        0.24000441413970836,
        0.24250441413970836,
        0.24500441413970836,
        0.24750441413970836,
        0.25000441413970836,
        0.25250441413970837
      ],
      "coarse_gap": [
        0.6151720772612261,
        0.6112096092707429,
        0.6083024856746029,
        0.6064685045861893,
        0.6057195132583235,
        0.606061129240028,
        0.6074926231400388,
        0.6100069706766158,
        0.6135910711017427
      ],
      "fine_g": [
        0.24000441413970836,
        0.24083774747304168,
        0.24167108080637503,
        0.24250441413970836,
        0.24333774747304168,
        0.24417108080637503,
        0.24500441413970836
      ],
      "fine_gap": [
        0.6064685045862737,
        0.606097878958705,
        0.6058481456678555,
        0.6057195132583599,
        0.6057121118593685,
        0.6058259929301393,
        0.6060611292400004
      ],
      "time_s": 1.940293788909912
    },
    "8": {
      "n": 8,
      "dim": 65536,
      "g_star": 0.2467991421034539,
      "gap_min": 0.4443200393557536,
      "gap_curv": 279.2733528303345,
      "im_gEP": 0.03988716786790468,
      "gapmin_times_L": 3.5545603148460287,
      "coarse_g": [
        0.23695473035377482,
        0.23908538905955296,
        0.24121604776533112,
        0.24334670647110926,
        0.2454773651768874,
        0.24760802388266556,
        0.2497386825884437,
        0.25186934129422184,
        0.254
      ],
      "coarse_gap": [
        0.45761920671733414,
        0.4525379881957754,
        0.44864671575775006,
        0.44598035684422044,
        0.44456390236443966,
        0.44441140219946895,
        0.4455254258784134,
        0.44789700114974984,
        0.45150603719115523
      ],
      "fine_g": [
        0.2454773651768874,
        0.2461875847454801,
        0.24689780431407282,
        0.24760802388266556,
        0.24831824345125827,
        0.249028463019851,
        0.2497386825884437
      ],
      "fine_gap": [
        0.4445639023644805,
        0.4443722638081571,
        0.44432139861153175,
        0.4444114021994494,
        0.44464222617837557,
        0.44501367876222986,
        0.44552542587844535
      ],
      "time_s": 6.049359560012817
    },
    "10": {
      "n": 10,
      "dim": 1048576,
      "g_star": 0.24826641995428997,
      "gap_min": 0.3493947296284219,
      "gap_curv": 404.25693761332167,
      "im_gEP": 0.029398788507054865,
      "gapmin_times_L": 3.493947296284219,
      "coarse_g": [
        0.2380391157853432,
        0.2400342263121753,
        0.2420293368390074,
        0.2440244473658395,
        0.2460195578926716,
        0.2480146684195037,
        0.2500097789463358,
        0.2520048894731679,
        0.254
      ],
      "coarse_gap": [
        0.36986776381047015,
        0.36280513811356485,
        0.3571611034183757,
        0.3530110223726961,
        0.35041363010302007,
        0.3494075402953456,
        0.3500088223081441,
        0.3522100071775949,
        0.3559806776179979
      ],
      "fine_g": [
        0.2460195578926716,
        0.24668459473494897,
        0.24734963157722634,
        0.2480146684195037,
        0.24867970526178107,
        0.24934474210405844,
        0.2500097789463358
      ],
      "fine_gap": [
        0.3504136301030023,
        0.3499001818470546,
        0.3495646187940782,
        0.34940754029534205,
        0.3494292541300634,
        0.34962977450557275,
        0.35000882230817787
      ],
      "time_s": 63.02219080924988
    }
  },
  "timestamp": "2026-06-03 01:43:46",
  "gpu_status": "GPU enabled (CuPy 13.6.0, device NVIDIA TITAN RTX)",