{
  "experiment": "133a_bc_canonical_q4",
  "sprint": 133,
  "q": 4,
  "g_c": 0.25,
  "dg": 0.0001,
  "timestamp": "2026-06-02 23:05:21",
  "gpu_status": "GPU enabled (CuPy 13.6.0, device NVIDIA TITAN RTX)",
  "convention": "canonical central (2-F2p-F2m)/(dg^2 n), dg=1e-4, g_c=1/q",
  "open": {
    "4": {
      "n": 4,
      "dim": 256,
      "chi_F": 4.523411056833737,
      "ov_p": 0.9999999096313565,
      "ov_m": 0.9999999094322012
    },
    "5": {
      "n": 5,
      "dim": 1024,
      "chi_F": 6.400954410956672,
      "ov_p": 0.9999998401792984,
      "ov_m": 0.999999839772981
    },
    "6": {
      "n": 6,
      "dim": 4096,
      "chi_F": 8.460582266260156,
      "ov_p": 0.9999997465503875,
      "ov_m": 0.9999997458146764
    },
    "7": {
      "n": 7,
      "dim": 16384,
      "chi_F": 10.696473083461807,
      "ov_p": 0.999999626237046,
      "ov_m": 0.9999996250098381
    },
    "8": {
      "n": 8,
      "dim": 65536,
      "chi_F": 13.103289368820992,
      "ov_p": 0.9999994768317504,
      "ov_m": 0.9999994749051001
    },
    "9": {
      "n": 9,
      "dim": 262144,
      "chi_F": 15.676276996254598,
      "ov_p": 0.999999296010496,
      "ov_m": 0.9999992931245744
    },
    "10": {
      "n": 10,
      "dim": 1048576,
      "chi_F": 18.411220575886844,
      "ov_p": 0.9999990815204789,
      "ov_m": 0.9999990773574635
    },
    "11": {
      "n": 11,
      "dim": 4194304,
      "chi_F": 21.304370388033142,
      "ov_p": 0.9999988311706924,
      "ov_m": 0.9999988253485649
    },
    "12": {
      "n": 12,
      "dim": 16777216,
      "chi_F": 24.352371086333587,
      "ov_p": 0.9999985428245893,
      "ov_m": 0.9999985348908802
    }
  },
  "periodic": {
    "4": {
      "n": 4,
      "dim": 256,
      "chi_F": 12.83932049289671,
      "ov_p": 0.9999997433163037,
      "ov_m": 0.9999997431108766
    },
    "5": {
      "n": 5,
      "dim": 1024,
      "chi_F": 19.459334514859705,
      "ov_p": 0.9999995137112303,
      "ov_m": 0.999999513322044
    },
    "6": {
      "n": 6,
      "dim": 4096,
      "chi_F": 27.13802961240574,
      "ov_p": 0.9999991861847682,
      "ov_m": 0.9999991855334549
    },
    "7": {
      "n": 7,
      "dim": 16384,
      "chi_F": 35.8375725381269,
      "ov_p": 0.9999987461866855,
      "ov_m": 0.9999987451832368
    },
    "8": {
      "n": 8,
      "dim": 65536,
      "chi_F": 45.52779126754114,
      "ov_p": 0.9999981796167918,
      "ov_m": 0.9999981781599068
    },
    "9": {
      "n": 9,
      "dim": 262144,
      "chi_F": 56.183728273465995,
      "ov_p": 0.9999974727435292,
      "ov_m": 0.9999974707209262
    },
    "10": {
      "n": 10,
      "dim": 1048576,
      "chi_F": 67.78420080455483,
      "ov_p": 0.9999966121456311,
      "ov_m": 0.9999966094342886
    },
    "11": {
      "n": 11,
      "dim": 4194304,
      "chi_F": 80.31087537824726,
      "ov_p": 0.999995584668674,
      "ov_m": 0.9999955811350343
    },
    "12": {
      "n": 12,
      "dim": 16777216,
      "chi_F": 93.74764194565915,
      "source": "results.db (S132 exp_132b)"
    }
  },
  "validation": {
    "open_fwd_n6": {
      "forward": 4.169510245621844,
      "db_ref": 4.169510244030524,
      "reldiff": 3.816563268952637e-10,
      "canonical_over_forward": 2.029154928961768
    },
    "open_fwd_n8": {
      "forward": 6.432502951750352,
      "db_ref": 6.432502960826425,
      "reldiff": 1.4109707032524386e-09,
      "canonical_over_forward": 2.0370436620251295
    }
  },
  "periodic_validation": {
    "4": {
      "db_ref": 12.839320515101171,
      "reldiff": 1.729410872357848e-09
    },
    "6": {
      "db_ref": 27.1380295235879,
      "reldiff": 3.2728183854621285e-09
    },
    "8": {
      "db_ref": 45.52779113986549,
      "reldiff": 2.804345316021633e-09
    },
    "9": {
      "db_ref": 56.1837284634375,
      "reldiff": 3.381254801633743e-09
    },
    "10": {
      "db_ref": 67.78420076902769,
      "reldiff": 5.241212020639218e-10
    },
    "11": {
      "db_ref": 80.31087533383834,
      "reldiff": 5.529627313910613e-10
    }
  },
  "summary": {
    "open_pairwise": [
      [
        4,
        5,
        1.5558627443658266
      ],
      [
        5,
        6,
        1.5301037134339825
      ],
      [
        6,
        7,
        1.5212133477302163
      ],
      [
        7,
        8,
        1.519861530622045
      ],
      [
        8,
        9,
        1.5221653417502108
      ],
      [
        9,
        10,
        1.526299879897534
      ],
      [
        10,
        11,
        1.531336336200853
      ],
      [
        11,
        12,
        1.5367758840037717
      ]
    ],
    "periodic_pairwise": [
      [
        4,
        5,
        1.8634394782402577
      ],
      [
        5,
        6,
        1.8242997601023003
      ],
      [
        6,
        7,
        1.8038247038657131
      ],
      [
        7,
        8,
        1.792283272040473
      ],
      [
        8,
        9,
        1.785522377813783
      ],
      [
        9,
        10,
        1.7815208824826179
      ],
      [
        10,
        11,
        1.7792003453332172
      ],
      [
        11,
        12,
        1.777945266185098
      ]
    ],
    "open_full_alpha": 1.5289755227220154,
    "periodic_full_alpha": 1.8054946527675821
  }
}