{
  "experiment": "137_analysis",
  "sprint": 137,
  "coulomb_gas": {
    "5": {
      "re_inv_nu": 1.5343868341618065,
      "im_inv_nu": 0.22449453641244405
    },
    "6": {
      "re_inv_nu": 1.5631252286772293,
      "im_inv_nu": 0.3011694681077272
    },
    "7": {
      "re_inv_nu": 1.5878130686914185,
      "im_inv_nu": 0.35214836078579714
    },
    "8": {
      "re_inv_nu": 1.6094479349709647,
      "im_inv_nu": 0.39011927917886685
    },
    "9": {
      "re_inv_nu": 1.6286964122749872,
      "im_inv_nu": 0.42009743141327
    },
    "10": {
      "re_inv_nu": 1.6460268666578817,
      "im_inv_nu": 0.44465318417942773
    }
  },
  "crossover": {
    "6": {
      "q": 6,
      "xi": 158.9,
      "n": [
        8.0,
        12.0,
        16.0,
        20.0,
        24.0
      ],
      "im_gEP": [
        0.020251591891302913,
        0.012731795498358867,
        0.008501475837026647,
        0.005309962543062048,
        0.004136200306492858
      ],
      "gap_min": [
        0.28846548155520485,
        0.20429739519608084,
        0.1547140390535914,
        0.11812747714533126,
        0.09943640957764326
      ],
      "fit_relres": [
        0.011736192837041309,
        0.015207902394962551,
        0.019565972994510142,
        3.825272305473687e-06,
        6.1478514094344445e-09
      ],
      "n_fit_points": [
        14,
        14,
        14,
        4,
        4
      ],
      "im": {
        "local_slopes": [
          [
            8,
            12,
            -1.1446877815797574
          ],
          [
            12,
            16,
            -1.403850672787981
          ],
          [
            16,
            20,
            -2.109202763631565
          ],
          [
            20,
            24,
            -1.3701463477380167
          ]
        ],
        "pure_power": {
          "p": 1.4822765247270089,
          "ss": 95.6791877054467,
          "aic": 18.757814440157922
        },
        "shadow_decay": {
          "p": 1.0113599959500432,
          "Lambda": 31.046369064817245,
          "Lambda_err": 32.52708202829428,
          "Lambda_over_xi": 0.1953830652285541,
          "ss": 65.73568428717985,
          "aic": 18.881020027223606
        },
        "dAIC_power_minus_decay": -0.12320558706568363
      },
      "dm": {
        "local_slopes": [
          [
            8,
            12,
            -0.8508714364229725
          ],
          [
            12,
            16,
            -0.9663384507416175
          ],
          [
            16,
            20,
            -1.2091505486970053
          ],
          [
            20,
            24,
            -0.9447375232764548
          ]
        ],
        "pure_power": {
          "p": 0.9833705502574389,
          "ss": 13.690879555640468,
          "aic": 9.036459864202293
        },
        "shadow_decay": {
          "p": 0.8004068012425284,
          "Lambda": 79.90789960693681,
          "Lambda_err": 80.48338661572862,
          "Lambda_over_xi": 0.5028816841216917,
          "ss": 9.170816009556086,
          "aic": 9.032941783703086
        },
        "dAIC_power_minus_decay": 0.003518080499206988
      }
    },
    "8": {
      "q": 8,
      "xi": 23.9,
      "n": [
        8.0,
        10.0,
        12.0,
        16.0,
        20.0,
        24.0,
        28.0
      ],
      "im_gEP": [
        0.010960902884038424,
        0.007871637164833566,
        0.00555850425584461,
        0.0034733724310059195,
        0.002307220430350952,
        0.0015941302956501095,
        0.0011849017676479206
      ],
      "gap_min": [
        0.2326766635300128,
        0.18618839713248111,
        0.15451588799687996,
        0.11395433657253642,
        0.08757741712194977,
        0.06980461214183954,
        0.05791110311715643
      ],
      "fit_relres": [
        0.021041638115011724,
        0.02981382828961487,
        1.99827302089048e-05,
        2.634336900341176e-07,
        4.1823563397573907e-08,
        8.416505214282893e-09,
        6.720240455283742e-07
      ],
      "n_fit_points": [
        14,
        14,
        4,
        4,
        4,
        4,
        4
      ],
      "im": {
        "local_slopes": [
          [
            8,
            10,
            -1.483657445108632
          ],
          [
            10,
            12,
            -1.9083701324345834
          ],
          [
            12,
            16,
            -1.6344537746435899
          ],
          [
            16,
            20,
            -1.8332704602110588
          ],
          [
            20,
            24,
            -2.0278194815418575
          ],
          [
            24,
            28,
            -1.9245354222227424
          ]
        ],
        "pure_power": {
          "p": 1.812795901649016,
          "ss": 61.295769798937314,
          "aic": 19.188604783322152
        },
        "shadow_decay": {
          "p": 1.346837231632171,
          "Lambda": 37.93162040530524,
          "Lambda_err": 8.04894836790396,
          "Lambda_over_xi": 1.5870970880880855,
          "ss": 9.355001053527086,
          "aic": 8.03000646301043
        },
        "dAIC_power_minus_decay": 11.158598320311722
      },
      "dm": {
        "local_slopes": [
          [
            8,
            10,
            -0.9988670047705832
          ],
          [
            10,
            12,
            -1.0227102389561078
          ],
          [
            12,
            16,
            -1.0584570377212192
          ],
          [
            16,
            20,
            -1.179844279266296
          ],
          [
            20,
            24,
            -1.2440826480885105
          ],
          [
            24,
            28,
            -1.2117426562713622
          ]
        ],
        "pure_power": {
          "p": 1.144270340907213,
          "ss": 22.379238903300333,
          "aic": 12.1355648174833
        },
        "shadow_decay": {
          "p": 0.8490596171413591,
          "Lambda": 59.871022327926404,
          "Lambda_err": 8.111069392963833,
          "Lambda_over_xi": 2.5050636957291386,
          "ss": 1.5305971140935264,
          "aic": -4.64176553396171
        },
        "dAIC_power_minus_decay": 16.77733035144501
      }
    },
    "10": {
      "q": 10,
      "xi": 10.56,
      "n": [
        8.0,
        10.0,
        12.0,
        14.0,
        16.0,
        20.0,
        24.0,
        28.0
      ],
      "im_gEP": [
        0.006404418300691851,
        0.004289337160964438,
        0.003083529032487601,
        0.002264267857165576,
        0.001676765575459058,
        0.0010706599075915456,
        0.0006750949529836798,
        0.00044964824057905296
      ],
      "gap_min": [
        0.19488694169662307,
        0.15212067874545773,
        0.12329930974351867,
        0.10187043357553476,
        0.08490838712698866,
        0.06348568596323241,
        0.04774481389106606,
        0.036905292232926365
      ],
      "fit_relres": [
        0.014098534401199053,
        0.018706426741927306,
        0.020311358282200005,
        0.02131312249860026,
        0.02239722704989266,
        2.415367846293767e-09,
        0.011735685365596733,
        3.5e-06
      ],
      "n_fit_points": [
        16,
        16,
        16,
        16,
        16,
        4,
        6,
        8
      ],