{
  "experiment": "136b_imEP_q5",
  "sprint": 136,
  "q": 5,
  "g_c": 0.2,
  "BC": "periodic",
  "K": 16,
  "sizes": {
    "4": {
      "n": 4,
      "dim": 625,
      "g_star": 0.1889819168657437,
      "gap_min": 0.7954816411716479,
      "gap_curv": 185.04639281223862,
      "im_gEP": 0.06556540809675832,
      "gapmin_times_L": 3.1819265646865915,
      "coarse_g": [
        0.15600000000000003,
        0.16290000000000002,
        0.1698,
        0.17670000000000002,
        0.1836,
        0.1905,
        0.19740000000000002,
        0.2043,
        0.2112
      ],
      "coarse_gap": [
        0.8894178044991841,
        0.8556576644342822,
        0.8286756964322737,
        0.8092897369162593,
        0.7981569969133298,
        0.7956948679467724,
        0.8020254815073904,
        0.8169624739321577,
        0.8400450581166328
      ],
      "fine_g": [
        0.1836,
        0.1859,
        0.1882,
        0.1905,
        0.19280000000000003,
        0.19510000000000002,
        0.19740000000000002
      ],
      "fine_gap": [
        0.7981569969133298,
        0.7963604460660041,
        0.795538209297399,
        0.7956948679467724,
        0.7968310906258012,
        0.7989436452231331,
        0.8020254815073904
      ],
      "time_s": 1.1064398288726807
    },
    "5": {
      "n": 5,
      "dim": 3125,
      "g_star": 0.19435441744080828,
      "gap_min": 0.6173783398675408,
      "gap_curv": 276.8552828809036,
      "im_gEP": 0.0472225338721374,
      "gapmin_times_L": 3.086891699337704,
      "coarse_g": [
        0.15600000000000003,
        0.16290000000000002,
        0.1698,
        0.17670000000000002,
        0.1836,
        0.1905,
        0.19740000000000002,
        0.2043,
        0.2112
      ],
      "coarse_gap": [
        0.7920712692331744,
        0.7401477122585813,
        0.695159420652951,
        0.6588981013729729,
        0.6331506709011281,
        0.6194311433256896,
        0.6186623355782306,
        0.6309437221599863,
        0.6555370254178845
      ],
      "fine_g": [
        0.1905,
        0.1928,
        0.1951,
        0.19740000000000002,
        0.19970000000000002,
        0.202,
        0.2043
      ],
      "fine_gap": [
        0.6194311433256505,
        0.6177128106146759,
        0.6174552908732309,
        0.6186623355782244,
        0.6213265676483903,
        0.6254298007333654,
        0.6309437221599783
      ],
      "time_s": 1.4807732105255127
    },
    "6": {
      "n": 6,
      "dim": 15625,
      "g_star": 0.19674872158670864,
      "gap_min": 0.5008989581272107,
      "gap_curv": 388.0296101574543,
      "im_gEP": 0.03592879323110787,
      "gapmin_times_L": 3.0053937487632645,
      "coarse_g": [
        0.18629566657821145,
        0.1886802708278181,
        0.19106487507742473,
        0.19344947932703138,
        0.195834083576638,
        0.19821868782624466,
        0.2006032920758513,
        0.20298789632545794,
        0.2053725005750646
      ],
      "coarse_gap": [
        0.5216056499534787,
        0.5133490586436604,
        0.5071209161592369,
        0.503005425752284,
        0.5010612636743392,
        0.501318148619994,
        0.5037751117220957,
        0.5084007249558375,
        0.5151352584198774
      ],
      "fine_g": [
        0.19344947932703138,
        0.1942443474102336,
        0.1950392154934358,
        0.195834083576638,
        0.19662895165984023,
        0.19742381974304246,
        0.19821868782624466
      ],
      "fine_gap": [
        0.5030054257522654,
        0.502114024955886,
        0.5014656016044805,
        0.5010612636743472,
        0.5009017412376515,
        0.5009873818337516,
        0.5013181486199922
      ],
      "time_s": 5.5246124267578125
    },
    "7": {
      "n": 7,
      "dim": 78125,
      "g_star": 0.19796798178525568,
      "gap_min": 0.4195644327943526,
      "gap_curv": 518.5998123297168,
      "im_gEP": 0.028443507810592066,
      "gapmin_times_L": 2.9369510295604684,
      "coarse_g": [
        0.18816482930344475,
        0.19004422564051415,
        0.19192362197758356,
        0.19380301831465296,
        0.19568241465172237,
        0.1975618109887918,
        0.1994412073258612,
        0.20132060366293061,
        0.20320000000000002
      ],
      "coarse_gap": [
        0.4437032214699048,
        0.43550230790455835,
        0.42891840550085547,
        0.4240346474140164,
        0.4209163214507363,
        0.4196072107226909,
        0.4201270082773618,
        0.4224701676396245,
        0.42660635964387517
      ],
      "fine_g": [
        0.19568241465172237,
        0.19630888009741218,
        0.196935345543102,
        0.19756181098879178,
        0.1981882764344816,
        0.1988147418801714,
        0.1994412073258612
      ],
      "fine_gap": [
        0.420916321450731,
        0.42027744139531453,
        0.41984082641559173,
        0.41960721072270335,
        0.4195770165494279,
        0.41975035151637474,
        0.42012700827735294
      ],
      "time_s": 4.540040731430054
    },
    "8": {
      "n": 8,
      "dim": 390625,
      "g_star": 0.19865081169519855,
      "gap_min": 0.3598744888709575,
      "gap_curv": 668.856100515691,
      "im_gEP": 0.023195790854051677,
      "gapmin_times_L": 2.87899591096766,
      "coarse_g": [
        0.19001219803644942,
        0.19166067328189323,
        0.19330914852733708,
        0.1949576237727809,
        0.19660609901822473,
        0.19825457426366855,
        0.19990304950911236,
        0.2015515247545562,
        0.20320000000000002
      ],
      "coarse_gap": [
        0.38394149569815994,
        0.37582308053177904,
        0.3692795083734115,
        0.36440373550536975,
        0.3612695784577866,
        0.3599269954467097,
        0.3603986755464472,
        0.3626784770820617,
        0.3667319791370307
      ],
      "fine_g": [
        0.19660609901822473,
        0.197155590766706,
        0.19770508251518729,
        0.19825457426366855,
        0.1988040660121498,
        0.1993535577606311,
        0.19990304950911236
      ],
      "fine_gap": [
        0.3612695784577742,
        0.36062128172819996,
        0.36017347174720804,
        0.35992699544672035,
        0.35988234354433146,
        0.36003964684329226,
        0.36039867554644545
      ],
      "time_s": 22.592811346054077
    },
    "9": {
      "n": 9,
      "dim": 1953125,
      "g_star": 0.1990615165482977,
      "gap_min": 0.3143595263531793,
      "gap_curv": 839.1262047147402,
      "im_gEP": 0.01935528947825654,
      "gapmin_times_L": 2.829235737178614,
      "coarse_g": [
        0.19079721131653696,
        0.19234755990196983,
        0.19389790848740274,
        0.1954482570728356,
        0.1969986056582685,
        0.19854895424370136,
        0.20009930282913424,
        0.20164965141456714,
        0.20320000000000002
      ],
      "coarse_gap": [
        0.3417141666635697,
        0.33268761670529834,
        0.32533601795764255,
        0.31978559594711875,
        0.3161394931061636,
        0.3144697540201413,
        0.31481118982220124,
        0.3171583076793869,
        0.32146594793562144
      ],
      "fine_g": [
        0.1969986056582685,
        0.19751538852007944,
        0.19803217138189042,
        0.19854895424370136,
        0.1990657371055123,
        0.1995825199673233,
        0.20009930282913424
      ],
      "fine_gap": [
        0.3161394931061441,
        0.31536078771941334,
        0.3148037739056111,
        0.3144697540200987,
        0.31435953382687565,
        0.314473414475966,
        0.31481118982219414
      ],
      "time_s": 105.44398951530457
    }
  },
  "timestamp": "2026-06-03 01:46:08",
  "gpu_status": "GPU enabled (CuPy 13.6.0, device NVIDIA TITAN RTX)",