{
  "experiment": "140a_xi_q10",
  "sprint": 140,
  "q": 10,
  "g_c": 0.1,
  "chi": 64,
  "xi_classical": 10.56,
  "runs": [
    {
      "n": 64,
      "g": 0.1,
      "E0": -62.63800007031405,
      "chi_used": 64,
      "r": [
        2,
        3,
        4,
        5,
        6,
        7,
        8,
        9,
        10,
        11,
        12,
        13,
        14,
        15,
        16,
        17,
        18,
        19,
        20,
        21,
        22,
        23,
        24,
        25,
        26,
        27,
        28,
        29,
        30,
        31,
        32
      ],
      "C": [
        0.1608284581976053,
        0.09940657118982545,
        0.0662519069144796,
        0.04611193475573644,
        0.033027170478570886,
        0.02414005165920903,
        0.01790682139853741,
        0.013428120649710782,
        0.010150851191060548,
        0.007719480036759293,
        0.005896860786388771,
        0.004519839255599915,
        0.0034733004966654257,
        0.0026743302332997527,
        0.002062263494470061,
        0.0015921428822922635,
        0.0012302821840920696,
        0.0009513198754865628,
        0.0007359837656194854,
        0.000569619189505349,
        0.0004409554435460598,
        0.00034141560424405374,
        0.00026435240365216316,
        0.00020467628477012498,
        0.0001584532580181554,
        0.00012264429043709108,
        9.489730904764857e-05,
        7.339502188295629e-05,
        5.672930506331227e-05,
        4.38132765703624e-05,
        3.3804738643190093e-05
      ],
      "xi_pure_exp": 3.764776570890929,
      "xi_OZ": 4.3305011644968525,
      "xi_local_drift": [
        2.759439438863641,
        2.9963333775229923,
        3.1902178743764944,
        3.3479456465446877,
        3.4742650423293435,
        3.5740644330621514,
        3.6521601701233037,
        3.712960391628264,
        3.7601942308456886,
        3.7969232804176163,
        3.8254621457189626,
        3.847710605906049,
        3.865132692368937,
        3.878415211764926,
        3.8888038983742557,
        3.8964737767431252,
        3.9025911389019687,
        3.905880563639511,
        3.9086422210778866,
        3.909037623002425,
        3.908487563896084,
        3.906708051841076,
        3.9036359395659668,
        3.898743876424232,
        3.8919707547436246,
        3.882512226272339
      ],
      "time_s": 652.5
    },
    {
      "n": 64,
      "g": 0.103,
      "E0": -64.05353136613557,
      "chi_used": 64,
      "r": [
        2,
        3,
        4,
        5,
        6,
        7,
        8,
        9,
        10,
        11,
        12,
        13,
        14,
        15,
        16,
        17,
        18,
        19,
        20,
        21,
        22,
        23,
        24,
        25,
        26,
        27,
        28,
        29,
        30,
        31,
        32
      ],
      "C": [
        0.11287651830283518,
        0.05776226020966559,
        0.0316702422853727,
        0.018038811193269434,
        0.010518738011686554,
        0.006227235031038101,
        0.003722230086525051,
        0.002238623530421716,
        0.001351750190320252,
        0.0008183489635615527,
        0.0004962493639850108,
        0.00030123355712312767,
        0.00018297074450159199,
        0.00011118232685527702,
        6.758051731213138e-05,
        4.108425328554089e-05,
        2.497850032147851e-05,
        1.5187939607325722e-05,
        9.235664792510853e-06,
        5.616622035754643e-06,
        3.4156692875982423e-06,
        2.0771572883935123e-06,
        1.263159999860171e-06,
        7.681410337655164e-07,
        4.671226029777643e-07,
        2.840677649041126e-07,
        1.7272653109340804e-07,
        1.0502044583361858e-07,
        6.385165015547223e-08,
        3.881949814188343e-08,
        2.360068992360878e-08
      ],
      "xi_pure_exp": 1.9966257780728094,
      "xi_OZ": 2.145254663471804,
      "xi_local_drift": [
        1.7766663056101835,
        1.8540238928986639,
        1.9075748684170992,
        1.9432212334996453,
        1.9667161121138252,
        1.9823138294574587,
        1.9925612999998183,
        1.9991591492834886,
        2.003234626128057,
        2.005778136535947,
        2.0074079942419463,
        2.0086302729565473,
        2.0092634288747813,
        2.0096081430248507,
        2.0099944897423896,
        2.010336875733982,
        2.010688113008913,
        2.0106283282534783,
        2.010562741456079,
        2.0105200342792835,
        2.0104606571400896,
        2.0105287463975445,
        2.0105394979983,
        2.0100372422195067,
        2.009829896129752,
        2.0096760797446986
      ],
      "time_s": 635.0
    },
    {
      "n": 64,
      "g": 0.106,
      "E0": -65.52270098456759,
      "chi_used": 64,
      "r": [
        2,
        3,
        4,
        5,
        6,
        7,
        8,
        9,
        10,
        11,
        12,
        13,
        14,
        15,
        16,
        17,
        18,
        19,
        20,
        21,
        22,
        23,
        24,
        25,
        26,
        27,
        28,
        29,
        30,
        31,
        32
      ],
      "C": [
        0.09026264262643693,
        0.04092769274350008,
        0.01979628632197463,
        0.009912675091585992,
        0.005066346438796647,
        0.0026220031644163416,
        0.0013673560952089385,
        0.0007163511431876099,
        0.00037625807702304,
        0.00019794413415432922,
        0.00010423498684387058,
        5.4915014372946286e-05,
        2.894435181619473e-05,
        1.5259118432243393e-05,
        8.045699525407663e-06,
        4.242023814800482e-06,
        2.236585665217402e-06,
        1.1792263002824831e-06,
        6.219974107804572e-07,
        3.2815228525003927e-07,
        1.7308926043234987e-07,
        9.127122832634173e-08,
        4.812086429866905e-08,
        2.5369939324387124e-08,
        1.337392528096509e-08,
        7.04934908806949e-09,
        3.7164655554648993e-09,
        1.9594665443768905e-09,
        1.0330769561204135e-09,
        5.44610220955693e-10,
        2.8706523202072466e-10
      ],
      "xi_pure_exp": 1.5571484516292553,
      "xi_OZ": 1.646091429163238,
      "xi_local_drift": [
        1.4457550324346162,
        1.4898815080205738,
        1.518184797527787,
        1.5359577513816596,
        1.5468769619187532,
        1.5530477939608418,
        1.5569280395210119,
        1.5592426424053063,
        1.5604006704688074,
        1.5614954867151816,
        1.5620171675674444,
        1.5624035066672666,
        1.5622625896407034,
        1.562280246315921,
        1.5622756652542027,
        1.5632867859122321,
        1.5638240090030002,
        1.5633051821857133,
        1.5625688187160047,
        1.562207690595931,
        1.5621317511542068,
        1.5618702606187926,
        1.561593172839884,
        1.5621041347638223,
        1.562253866473948,
        1.5621812664433847
      ],
      "time_s": 641.5
    }
  ],
  "timestamp": "2026-06-11 11:47:48"
}