{
  "experiment": "138a_q7_prediction",
  "sprint": 138,
  "xi7": 48.1,
  "prediction": {
    "im": {
      "Lambda": 79.365,
      "err": 4.329
    },
    "dm": {
      "Lambda": 125.541,
      "err": 6.734000000000001
    }
  },
  "q7_dm": {
    "power_p": 1.0891775613542636,
    "decay_p": 0.9168558811266367,
    "Lambda": 118.1589861549679,
    "Lambda_err": 23.895498125705217,
    "Lambda_over_xi": 2.456527778689561,
    "dAIC_power_minus_decay": 13.025290524293641,
    "slopes": [
      [
        8,
        10,
        -0.790005354906867
      ],
      [
        10,
        12,
        -0.9723280823638746
      ],
      [
        12,
        16,
        -1.1862246054356003
      ],
      [
        16,
        20,
        -1.013495385872863
      ],
      [
        20,
        24,
        -1.128565768678411
      ],
      [
        24,
        28,
        -1.1403846972507654
      ],
      [
        28,
        32,
        -1.1974928465253207
      ],
      [
        32,
        36,
        -1.16944772536677
      ],
      [
        36,
        40,
        -1.1789979427475608
      ]
    ],
    "fixedLam": {
      "Lambda": 125.541,
      "dAIC_power_minus_fixed": 14.90523779166526
    }
  },
  "q7_im": {
    "power_p": 1.7048075284606432,
    "decay_p": 1.4471167050186171,
    "Lambda": 79.01466844764391,
    "Lambda_err": 24.7419068300097,
    "Lambda_over_xi": 1.6427165997431166,
    "dAIC_power_minus_decay": 6.989294841813283,
    "slopes": [
      [
        8,
        10,
        -1.1396190529143149
      ],
      [
        10,
        12,
        -1.4190553635530816
      ],
      [
        12,
        16,
        -1.99361725859701
      ],
      [
        16,
        20,
        -1.5285049855472814
      ],
      [
        20,
        24,
        -1.8097544664722907
      ],
      [
        24,
        28,
        -1.7984752885507356
      ],
      [
        28,
        32,
        -1.9127030512115
      ],
      [
        32,
        36,
        -1.7393349362932782
      ],
      [
        36,
        40,
        -1.7844008594679064
      ]
    ],
    "fixedLam": {
      "Lambda": 79.365,
      "dAIC_power_minus_fixed": 8.989010959989095
    }
  },
  "q8_matched_dm": {
    "power_p": 1.0862535690194017,
    "decay_p": 0.7855614759722254,
    "Lambda": 47.70328114944024,
    "Lambda_err": 8.10968773535819,
    "Lambda_over_xi": 1.9959531861690476,
    "dAIC_power_minus_decay": 12.534637214135365,
    "slopes": [
      [
        8,
        10,
        -0.9988670047705853
      ],
      [
        10,
        12,
        -1.022710238956107
      ],
      [
        12,
        16,
        -1.0584570377212195
      ],
      [
        16,
        20,
        -1.1798442792662955
      ]
    ]
  },
  "q8_matched_im": {
    "power_p": 1.7102794467192355,
    "decay_p": 1.457169446416549,
    "Lambda": 56.67101051857338,
    "Lambda_err": 46.480749819583885,
    "Lambda_over_xi": 2.3711719882248277,
    "dAIC_power_minus_decay": 0.778811256842082,
    "slopes": [
      [
        8,
        10,
        -1.4836574451086326
      ],
      [
        10,
        12,
        -1.9083701324345808
      ],
      [
        12,
        16,
        -1.6344537746435894
      ],
      [
        16,
        20,
        -1.8332704602110572
      ]
    ]
  },
  "Lambda_dm_over_im": 1.495405707273979,
  "timestamp": "2026-06-10 15:47:43"
}