{
  "experiment": "134d_synthesis",
  "sprint": 134,
  "q": 4,
  "open": {
    "sizes": [
      4,
      5,
      6,
      7,
      8,
      9,
      10,
      11,
      12
    ],
    "kappa_onpeak": [
      [
        4,
        5,
        0.6569031353433518
      ],
      [
        5,
        6,
        0.8263775045615046
      ],
      [
        6,
        7,
        0.9522523916289815
      ],
      [
        7,
        8,
        1.0489166305616748
      ],
      [
        8,
        9,
        1.125252349039165
      ],
      [
        9,
        10,
        1.1869744231717032
      ],
      [
        10,
        11,
        1.2378840553240054
      ],
      [
        11,
        12,
        1.280566820291085
      ]
    ],
    "kappa_fixed_gc": [
      [
        4,
        5,
        1.5558627443658266
      ],
      [
        5,
        6,
        1.5301037134339825
      ],
      [
        6,
        7,
        1.5212133477302163
      ],
      [
        7,
        8,
        1.519861530622045
      ],
      [
        8,
        9,
        1.5221653417502108
      ],
      [
        9,
        10,
        1.526299879897534
      ],
      [
        10,
        11,
        1.531336336200853
      ],
      [
        11,
        12,
        1.5367758840037717
      ]
    ],
    "onpeak_monotone_inc": true,
    "onpeak_has_interior_min": false,
    "fixed_has_interior_min": true
  },
  "periodic": {
    "sizes": [
      4,
      5,
      6,
      7,
      8,
      9,
      10,
      11
    ],
    "kappa_onpeak": [
      [
        4,
        5,
        1.683149173489771
      ],
      [
        5,
        6,
        1.7196015999770367
      ],
      [
        6,
        7,
        1.737206745719489
      ],
      [
        7,
        8,
        1.7470848626485183
      ],
      [
        8,
        9,
        1.7533534678571465
      ],
      [
        9,
        10,
        1.7577586379548082
      ],
      [
        10,
        11,
        1.7611180802989408
      ]
    ],
    "kappa_fixed_gc": [
      [
        4,
        6,
        1.845839889020574
      ],
      [
        6,
        8,
        1.7984675991184567
      ],
      [
        8,
        9,
        1.7855224303306803
      ],
      [
        9,
        10,
        1.7815208454158329
      ],
      [
        10,
        11,
        1.7792003450306073
      ]
    ],
    "onpeak_monotone_inc": true,
    "onpeak_monotone_dec": false
  },
  "offpeak": {
    "r": [
      0.18703852485057004,
      0.2285858041898291,
      0.25987899230981243,
      0.28370127235396514,
      0.3021150046596384,
      0.31657411101199834,
      0.32809686249927306,
      0.3374029343226174,
      0.34500916102380375
    ],
    "dlnr_dlnL": [
      0.8989596090224748,
      0.7037262088724767,
      0.5689609561012376,
      0.47094490006037026,
      0.3969129927110438,
      0.3393254567258266,
      0.29345228087685,
      0.2562090637126921
    ],
    "identity_residual_max": 5.2735593669694936e-15
  },
  "shift": {
    "abs_shift": [
      0.09735619083725025,
      0.07640758062231914,
      0.06210834415140343,
      0.051867916270247366,
      0.04423725075770166,
      0.038367631687089426,
      0.033731890473935794,
      0.02999818679568561,
      0.02695791942403067
    ],
    "local_exponent": [
      -1.0858230404453155,
      -1.1364622561298054,
      -1.1688558952981172,
      -1.1917287822918985,
      -1.2086038652264064,
      -1.2221892020433383,
      -1.230789358573996,
      -1.2281132999138509
    ]
  },
  "validation": {
    "periodic_q2": {
      "onpeak_last": 1.022038327384459,
      "fixed_last": 1.0716632011899052,
      "null": 1.0
    },
    "periodic_q3": {
      "onpeak_last": 1.413640649724791,
      "fixed_last": 1.444276758357912,
      "null": 1.4
    },
    "open_q2": {
      "onpeak_last": 0.734706797919358,
      "fixed_last": null,
      "null": 1.0
    },
    "open_q3": {
      "onpeak_last": 0.9995180264601629,
      "fixed_last": null,
      "null": 1.4
    }
  },
  "verdict_open_dip_is_offpeak_artifact": true,
  "verdict_periodic_descent_is_offpeak_artifact": true
}