{
  "experiment": "136a_validate_q2",
  "sprint": 136,
  "q": 2,
  "g_c": 0.5,
  "BC": "periodic",
  "sizes": {
    "6": {
      "n": 6,
      "dim": 64,
      "g_star": 0.43301275833584785,
      "gap_min": 1.0000000004373315,
      "gap_curv": 15.997117124709057,
      "im_gEP_estimate": 0.250022525561907,
      "gapmin_times_L": 6.000000002623989,
      "im_gEP_complexscan": 0.2437719624228593,
      "gap_at_ep": 0.2218190374746348
    },
    "8": {
      "n": 8,
      "dim": 256,
      "g_star": 0.46193937727432655,
      "gap_min": 0.7653668974662375,
      "gap_curv": 20.895449503133978,
      "im_gEP_estimate": 0.1913854767540811,
      "gapmin_times_L": 6.1229351797299,
      "im_gEP_complexscan": 0.18660083983522907,
      "gap_at_ep": 0.1693176390338017
    },
    "10": {
      "n": 10,
      "dim": 1024,
      "g_star": 0.47552768032354603,
      "gap_min": 0.6180340662351047,
      "gap_curv": 25.86868922226627,
      "im_gEP_estimate": 0.15456778927090276,
      "gapmin_times_L": 6.180340662351047,
      "im_gEP_complexscan": 0.15070359453913018,
      "gap_at_ep": 0.13631154372307788
    }
  }
}