{
  "experiment": "132d_synthetic_recovery",
  "sprint": 132,
  "timestamp": "2026-06-02 22:37:07",
  "sizes": [
    4,
    6,
    8,
    9,
    10,
    11,
    12
  ],
  "T_A2": {
    "A": 0.9021012352193752,
    "p": 0.35834506752137485,
    "chi": [
      12.839321,
      26.350948005281502,
      44.412028940151465,
      55.110109524084486,
      66.90476846054557,
      79.78667466622682,
      93.747642
    ],
    "local_exps": [
      1.7732520558460467,
      1.8145242718875427,
      1.8323761078305476,
      1.8406996734492482,
      1.8475074195658374,
      1.8532060028604833
    ],
    "monotonic": "increasing"
  },
  "T_pow": {
    "A": 1.3607997659369697,
    "a": 1.7213,
    "c": -0.525,
    "chi": [
      12.853307764400235,
      27.130565511249014,
      45.58313918302294,
      56.26379924978282,
      67.86931166085614,
      80.37200477014821,
      93.74764199999998
    ],
    "local_exps": [
      1.8424761199549078,
      1.8036470538866332,
      1.7872984546166573,
      1.7799138175728555,
      1.7740177164674562,
      1.769200783701813
    ],
    "monotonic": "decreasing"
  },
  "real": {
    "chi": [
      12.839321,
      27.13803,
      45.527791,
      56.183728,
      67.784201,
      80.310875,
      93.747642
    ],
    "local_exps": [
      1.8458398391727413,
      1.798467527416951,
      1.7855223863810943,
      1.7815209560461918,
      1.7792002656656178,
      1.7779453269752992
    ],
    "monotonic": "decreasing"
  },
  "rms_localexp_dist": {
    "T_A2": 0.05993640205397417,
    "T_pow": 0.004953202114619891
  },
  "verdict": "REAL data match the GENUINE-POWER template (decreasing local exp); the leading-2 marginal-log template has the OPPOSITE (increasing) trend even when forced through the real n=4 and n=12 endpoints. The local-exponent diagnostic is NOT circular: it correctly separates the two truths, and the data fall on the a<2 side."
}